ncm,regime,percentual_reducao,vigente_de
01069000,ANEXO_IX_60,60,2027-01-01
04011010,ANEXO_I_ZERO,100,2027-01-01
04011090,ANEXO_I_ZERO,100,2027-01-01
04012010,ANEXO_I_ZERO,100,2027-01-01
04012090,ANEXO_I_ZERO,100,2027-01-01
04014010,ANEXO_I_ZERO,100,2027-01-01
04015010,ANEXO_I_ZERO,100,2027-01-01
04021010,ANEXO_I_ZERO,100,2027-01-01
04021090,ANEXO_I_ZERO,100,2027-01-01
04022110,ANEXO_I_ZERO,100,2027-01-01
04022120,ANEXO_I_ZERO,100,2027-01-01
04022910,ANEXO_I_ZERO,100,2027-01-01
04022920,ANEXO_I_ZERO,100,2027-01-01
04032000,ANEXO_VII_60,60,2027-01-01
04039000,ANEXO_VII_60,60,2027-01-01
04051000,ANEXO_I_ZERO,100,2027-01-01
04061010,ANEXO_I_ZERO,100,2027-01-01
04061090,ANEXO_I_ZERO,100,2027-01-01
04062000,ANEXO_I_ZERO,100,2027-01-01
04069010,ANEXO_I_ZERO,100,2027-01-01
04069020,ANEXO_I_ZERO,100,2027-01-01
04069030,ANEXO_I_ZERO,100,2027-01-01
04071,ANEXO_IX_60,60,2027-01-01
04072,ANEXO_XV_ZERO,100,2027-01-01
04090000,ANEXO_VII_60,60,2027-01-01
07133319,ANEXO_I_ZERO,100,2027-01-01
07133329,ANEXO_I_ZERO,100,2027-01-01
07133399,ANEXO_I_ZERO,100,2027-01-01
07133590,ANEXO_I_ZERO,100,2027-01-01
0714,ANEXO_XV_ZERO,100,2027-01-01
08011,ANEXO_XV_ZERO,100,2027-01-01
0803,ANEXO_XV_ZERO,100,2027-01-01
0804,ANEXO_XV_ZERO,100,2027-01-01
0805,ANEXO_XV_ZERO,100,2027-01-01
0806,ANEXO_XV_ZERO,100,2027-01-01
0807,ANEXO_XV_ZERO,100,2027-01-01
0808,ANEXO_XV_ZERO,100,2027-01-01
0809,ANEXO_XV_ZERO,100,2027-01-01
0810,ANEXO_XV_ZERO,100,2027-01-01
0811,ANEXO_XV_ZERO,100,2027-01-01
0901,ANEXO_I_ZERO,100,2027-01-01
0903,ANEXO_I_ZERO,100,2027-01-01
100620,ANEXO_I_ZERO,100,2027-01-01
100630,ANEXO_I_ZERO,100,2027-01-01
10064000,ANEXO_I_ZERO,100,2027-01-01
11010010,ANEXO_I_ZERO,100,2027-01-01
11022000,ANEXO_I_ZERO,100,2027-01-01
11029000,ANEXO_I_ZERO,100,2027-01-01
11031300,ANEXO_I_ZERO,100,2027-01-01
11041200,ANEXO_I_ZERO,100,2027-01-01
11041900,ANEXO_I_ZERO,100,2027-01-01
11042200,ANEXO_I_ZERO,100,2027-01-01
11042300,ANEXO_I_ZERO,100,2027-01-01
11062000,ANEXO_I_ZERO,100,2027-01-01
11081200,ANEXO_VII_60,60,2027-01-01
150790,ANEXO_VII_60,60,2027-01-01
1508,ANEXO_VII_60,60,2027-01-01
1511,ANEXO_VII_60,60,2027-01-01
1512,ANEXO_VII_60,60,2027-01-01
1513,ANEXO_VII_60,60,2027-01-01
15132120,ANEXO_I_ZERO,100,2027-01-01
1514,ANEXO_VII_60,60,2027-01-01
1515,ANEXO_VII_60,60,2027-01-01
15171000,ANEXO_I_ZERO,100,2027-01-01
17011400,ANEXO_I_ZERO,100,2027-01-01
17019900,ANEXO_I_ZERO,100,2027-01-01
17023011,ANEXO_VI_60,60,2027-01-01
17025000,ANEXO_VI_60,60,2027-01-01
19011010,ANEXO_I_ZERO,100,2027-01-01
19011090,ANEXO_I_ZERO,100,2027-01-01
19012010,ANEXO_I_ZERO,100,2027-01-01
19012090,ANEXO_I_ZERO,100,2027-01-01
19019090,ANEXO_I_ZERO,100,2027-01-01
19021,ANEXO_I_ZERO,100,2027-01-01
19021900,ANEXO_I_ZERO,100,2027-01-01
19022000,ANEXO_VII_60,60,2027-01-01
19023000,ANEXO_VII_60,60,2027-01-01
19030000,ANEXO_I_ZERO,100,2027-01-01
19059010,ANEXO_VII_60,60,2027-01-01
19059090,ANEXO_I_ZERO,100,2027-01-01
20021000,ANEXO_VI_60,60,2027-01-01
20029000,ANEXO_VII_60,60,2027-01-01
20081,ANEXO_VII_60,60,2027-01-01
21011,ANEXO_I_ZERO,100,2027-01-01
2106,ANEXO_I_ZERO,100,2027-01-01
22029900,ANEXO_VI_60,60,2027-01-01
25010020,ANEXO_I_ZERO,100,2027-01-01
28111990,ANEXO_VI_60,60,2027-01-01
28273993,ANEXO_VI_60,60,2027-01-01
28273995,ANEXO_VI_60,60,2027-01-01
28273998,ANEXO_VI_60,60,2027-01-01
28276012,ANEXO_VI_60,60,2027-01-01
28332100,ANEXO_VI_60,60,2027-01-01
28332970,ANEXO_VI_60,60,2027-01-01
28352200,ANEXO_VI_60,60,2027-01-01
28352400,ANEXO_VI_60,60,2027-01-01
28363000,ANEXO_VI_60,60,2027-01-01
28429000,ANEXO_VI_60,60,2027-01-01
28444390,ANEXO_IV_60,60,2027-01-01
29054400,ANEXO_VI_60,60,2027-01-01
29152100,ANEXO_VI_60,60,2027-01-01
29152910,ANEXO_VI_60,60,2027-01-01
29152990,ANEXO_VI_60,60,2027-01-01
29181400,ANEXO_VI_60,60,2027-01-01
29181610,ANEXO_VI_60,60,2027-01-01
29181990,ANEXO_VI_60,60,2027-01-01
29199090,ANEXO_VI_60,60,2027-01-01
29224110,ANEXO_VI_60,60,2027-01-01
29224190,ANEXO_VI_60,60,2027-01-01
29224210,ANEXO_VI_60,60,2027-01-01
29224910,ANEXO_VI_60,60,2027-01-01
29224990,ANEXO_VI_60,60,2027-01-01
29225039,ANEXO_VI_60,60,2027-01-01
29225099,ANEXO_VI_60,60,2027-01-01
29232000,ANEXO_VI_60,60,2027-01-01
29252919,ANEXO_VI_60,60,2027-01-01
29309039,ANEXO_VI_60,60,2027-01-01
29332992,ANEXO_VI_60,60,2027-01-01
29362113,ANEXO_VI_60,60,2027-01-01
29362210,ANEXO_VI_60,60,2027-01-01
29362290,ANEXO_VI_60,60,2027-01-01
29362310,ANEXO_VI_60,60,2027-01-01
29362320,ANEXO_VI_60,60,2027-01-01
29362520,ANEXO_VI_60,60,2027-01-01
29362610,ANEXO_VI_60,60,2027-01-01
29362710,ANEXO_VI_60,60,2027-01-01
29362811,ANEXO_VI_60,60,2027-01-01
29362812,ANEXO_VI_60,60,2027-01-01
29362911,ANEXO_VI_60,60,2027-01-01
29362921,ANEXO_VI_60,60,2027-01-01
29362929,ANEXO_VI_60,60,2027-01-01
29362931,ANEXO_VI_60,60,2027-01-01
29362940,ANEXO_VI_60,60,2027-01-01
29362952,ANEXO_VI_60,60,2027-01-01
30021221,ANEXO_IV_60,60,2027-01-01
30021222,ANEXO_IV_60,60,2027-01-01
30021223,ANEXO_IV_60,60,2027-01-01
30021236,ANEXO_VI_60,60,2027-01-01
300249,ANEXO_IX_60,60,2027-01-01
30029000,ANEXO_IX_60,60,2027-01-01
30049099,ANEXO_IV_60,60,2027-01-01
30059090,ANEXO_IV_60,60,2027-01-01
300610,ANEXO_IV_60,60,2027-01-01
30061090,ANEXO_IV_60,60,2027-01-01
30063021,ANEXO_IV_60,60,2027-01-01
30064020,ANEXO_IV_60,60,2027-01-01
30067000,ANEXO_IV_60,60,2027-01-01
30069110,ANEXO_IV_60,60,2027-01-01
31010000,ANEXO_IX_60,60,2027-01-01
33061000,ANEXO_VIII_60,60,2027-01-01
34011190,ANEXO_VIII_60,60,2027-01-01
34011900,ANEXO_VIII_60,60,2027-01-01
35051000,ANEXO_VI_60,60,2027-01-01
3507904,ANEXO_IX_60,60,2027-01-01
37011010,ANEXO_IV_60,60,2027-01-01
37011029,ANEXO_IV_60,60,2027-01-01
37021010,ANEXO_IV_60,60,2027-01-01
37021020,ANEXO_IV_60,60,2027-01-01
38089419,ANEXO_VIII_60,60,2027-01-01
38210000,ANEXO_IV_60,60,2027-01-01
38249989,ANEXO_IV_60,60,2027-01-01
391740,ANEXO_IV_60,60,2027-01-01
39269030,ANEXO_IV_60,60,2027-01-01
39269040,ANEXO_IV_60,60,2027-01-01
39269050,ANEXO_IV_60,60,2027-01-01
40141000,ANEXO_IV_60,60,2027-01-01
40151,ANEXO_IV_60,60,2027-01-01
48181000,ANEXO_VIII_60,60,2027-01-01
66020000,ANEXO_V_60,60,2027-01-01
83024100,ANEXO_XIII_ZERO,100,2027-01-01
84198110,ANEXO_IV_60,60,2027-01-01
84198999,ANEXO_IV_60,60,2027-01-01
84199040,ANEXO_IV_60,60,2027-01-01
84212911,ANEXO_IV_60,60,2027-01-01
84212990,ANEXO_IV_60,60,2027-01-01
84253110,ANEXO_V_60,60,2027-01-01
84289090,ANEXO_V_60,60,2027-01-01
84433222,ANEXO_V_60,60,2027-01-01
84716053,ANEXO_V_60,60,2027-01-01
84716090,ANEXO_V_60,60,2027-01-01
84718000,ANEXO_V_60,60,2027-01-01
84729099,ANEXO_V_60,60,2027-01-01
84798912,ANEXO_IV_60,60,2027-01-01
84798999,ANEXO_IV_60,60,2027-01-01
85171,ANEXO_V_60,60,2027-01-01
85437099,ANEXO_V_60,60,2027-01-01
87082999,ANEXO_V_60,60,2027-01-01
87089910,ANEXO_V_60,60,2027-01-01
87131000,ANEXO_XIII_ZERO,100,2027-01-01
87139000,ANEXO_XIII_ZERO,100,2027-01-01
87142000,ANEXO_XIII_ZERO,100,2027-01-01
90172000,ANEXO_V_60,60,2027-01-01
90181100,ANEXO_XII_ZERO,100,2027-01-01
901812,ANEXO_XII_ZERO,100,2027-01-01
90181300,ANEXO_XII_ZERO,100,2027-01-01
90181980,ANEXO_XII_ZERO,100,2027-01-01
901820,ANEXO_XII_ZERO,100,2027-01-01
90182010,ANEXO_IV_60,60,2027-01-01
901831,ANEXO_IV_60,60,2027-01-01
901832,ANEXO_IV_60,60,2027-01-01
9018392,ANEXO_IV_60,60,2027-01-01
90183929,ANEXO_IV_60,60,2027-01-01
90183930,ANEXO_IV_60,60,2027-01-01
9018399,ANEXO_IV_60,60,2027-01-01
90183991,ANEXO_IV_60,60,2027-01-01
90183999,ANEXO_IV_60,60,2027-01-01
9018491,ANEXO_IV_60,60,2027-01-01
90184920,ANEXO_IV_60,60,2027-01-01
90185090,ANEXO_IV_60,60,2027-01-01
90189021,ANEXO_IV_60,60,2027-01-01
90189040,ANEXO_IV_60,60,2027-01-01
90189095,ANEXO_IV_60,60,2027-01-01
90192040,ANEXO_XII_ZERO,100,2027-01-01
90212900,ANEXO_IV_60,60,2027-01-01
90215000,ANEXO_IV_60,60,2027-01-01
90219011,ANEXO_IV_60,60,2027-01-01
90219012,ANEXO_IV_60,60,2027-01-01
90219080,ANEXO_IV_60,60,2027-01-01
90219089,ANEXO_IV_60,60,2027-01-01
90219091,ANEXO_IV_60,60,2027-01-01
90219092,ANEXO_XIII_ZERO,100,2027-01-01
90219099,ANEXO_IV_60,60,2027-01-01
90221200,ANEXO_XII_ZERO,100,2027-01-01
90222110,ANEXO_XII_ZERO,100,2027-01-01
90222120,ANEXO_XII_ZERO,100,2027-01-01
9025,ANEXO_XII_ZERO,100,2027-01-01
90251990,ANEXO_V_60,60,2027-01-01
90272012,ANEXO_IV_60,60,2027-01-01
90272021,ANEXO_IV_60,60,2027-01-01
90272029,ANEXO_IV_60,60,2027-01-01
902730,ANEXO_IV_60,60,2027-01-01
90275020,ANEXO_IV_60,60,2027-01-01
90275050,ANEXO_IV_60,60,2027-01-01
90275090,ANEXO_IV_60,60,2027-01-01
90278100,ANEXO_IV_60,60,2027-01-01
90278999,ANEXO_IV_60,60,2027-01-01
90279010,ANEXO_IV_60,60,2027-01-01
9027909,ANEXO_IV_60,60,2027-01-01
9090,ANEXO_I_ZERO,100,2027-01-01
940290,ANEXO_IV_60,60,2027-01-01
96032100,ANEXO_VIII_60,60,2027-01-01
96190000,ANEXO_VIII_60,60,2027-01-01
