"item_lc116","cclasstrib","nome_cclasstrib"
"01.01","000001","Situações tributadas integralmente pelo IBS e CBS."
"01.01","200043","Fornecimento à administração pública dos serviços e dos bens relativos à soberania (Anexo XI)"
"01.01","200044","Operações e prestações de serviços de segurança da informação e segurança cibernética desenvolvidos por sociedade que tenha sócio brasileiro (Anexo XI)"
"01.02","000001","Situações tributadas integralmente pelo IBS e CBS."
"01.02","200043","Fornecimento à administração pública dos serviços e dos bens relativos à soberania (Anexo XI)"
"01.02","200044","Operações e prestações de serviços de segurança da informação e segurança cibernética desenvolvidos por sociedade que tenha sócio brasileiro (Anexo XI)"
"01.03","000001","Situações tributadas integralmente pelo IBS e CBS."
"01.04","000001","Situações tributadas integralmente pelo IBS e CBS."
"01.04","200043","Fornecimento à administração pública dos serviços e dos bens relativos à soberania (Anexo XI)"
"01.04","200044","Operações e prestações de serviços de segurança da informação e segurança cibernética desenvolvidos por sociedade que tenha sócio brasileiro (Anexo XI)"
"01.05","000001","Situações tributadas integralmente pelo IBS e CBS."
"01.06","000001","Situações tributadas integralmente pelo IBS e CBS."
"01.06","200043","Fornecimento à administração pública dos serviços e dos bens relativos à soberania (Anexo XI)"
"01.06","200044","Operações e prestações de serviços de segurança da informação e segurança cibernética desenvolvidos por sociedade que tenha sócio brasileiro (Anexo XI)"
"01.07","000001","Situações tributadas integralmente pelo IBS e CBS."
"01.08","000001","Situações tributadas integralmente pelo IBS e CBS."
"01.08","200040","Fornecimento de serviços de comunicação institucional à administração pública"
"01.09","000001","Situações tributadas integralmente pelo IBS e CBS."
"02.01","000001","Situações tributadas integralmente pelo IBS e CBS."
"02.01","200016","Prestação de serviços de pesquisa e desenvolvimento por Instituição Científica, Tecnológica e de Inovação (ICT)"
"03.02","000001","Situações tributadas integralmente pelo IBS e CBS."
"03.03","200027","Operações de locação, cessão onerosa e arrendamento de bens imóveis"
"03.04","200027","Operações de locação, cessão onerosa e arrendamento de bens imóveis"
"03.05","000001","Situações tributadas integralmente pelo IBS e CBS."
"03.05","200039","Fornecimento dos serviços e o licenciamento ou cessão dos direitos destinados às produções nacionais artísticas (Anexo X)"
"04.01","200029","Fornecimento dos serviços de saúde humana (Anexo III)"
"04.22","011002","Planos de assistência à saúde"
"04.23","011002","Planos de assistência à saúde"
"05.01","200052","Prestação de serviços de profissões intelectuais"
"05.01","200038","Fornecimento dos insumos agropecuários e aquícolas (Anexo IX)"
"05.02","000001","Situações tributadas integralmente pelo IBS e CBS."
"05.02","200038","Fornecimento dos insumos agropecuários e aquícolas (Anexo IX)"
"05.03","000001","Situações tributadas integralmente pelo IBS e CBS."
"05.04","000001","Situações tributadas integralmente pelo IBS e CBS."
"05.05","000001","Situações tributadas integralmente pelo IBS e CBS."
"05.06","000001","Situações tributadas integralmente pelo IBS e CBS."
"05.07","000001","Situações tributadas integralmente pelo IBS e CBS."
"05.07","200038","Fornecimento dos insumos agropecuários e aquícolas (Anexo IX)"
"05.08","000001","Situações tributadas integralmente pelo IBS e CBS."
"05.09","011005","Planos de assistência à saúde de animais domésticos"
"06.01","000001","Situações tributadas integralmente pelo IBS e CBS."
"06.02","000001","Situações tributadas integralmente pelo IBS e CBS."
"06.03","000001","Situações tributadas integralmente pelo IBS e CBS."
"06.04","200041","Fornecimento de serviço de educação desportiva (art. 141. I)"
"06.04","000001","Situações tributadas integralmente pelo IBS e CBS."
"06.05","000001","Situações tributadas integralmente pelo IBS e CBS."
"06.06","000001","Situações tributadas integralmente pelo IBS e CBS."
"07.01","200052","Prestação de serviços de profissões intelectuais"
"07.01","000001","Situações tributadas integralmente pelo IBS e CBS."
"07.01","200038","Fornecimento dos insumos agropecuários e aquícolas (Anexo IX)"
"07.02","200046","Operações com bens imóveis"
"07.02","200045","Operações relacionadas a projetos de reabilitação urbana de zonas históricas e de áreas críticas de recuperação e reconversão urbanística"
"07.02","200038","Fornecimento dos insumos agropecuários e aquícolas (Anexo IX)"
"07.03","000001","Situações tributadas integralmente pelo IBS e CBS."
"07.03","200045","Operações relacionadas a projetos de reabilitação urbana de zonas históricas e de áreas críticas de recuperação e reconversão urbanística"
"07.04","200046","Operações com bens imóveis"
"07.04","200045","Operações relacionadas a projetos de reabilitação urbana de zonas históricas e de áreas críticas de recuperação e reconversão urbanística"
"07.05","200046","Operações com bens imóveis"
"07.05","200045","Operações relacionadas a projetos de reabilitação urbana de zonas históricas e de áreas críticas de recuperação e reconversão urbanística"
"07.05","200038","Fornecimento dos insumos agropecuários e aquícolas (Anexo IX)"
"07.06","200046","Operações com bens imóveis"
"07.06","200045","Operações relacionadas a projetos de reabilitação urbana de zonas históricas e de áreas críticas de recuperação e reconversão urbanística"
"07.07","200046","Operações com bens imóveis"
"07.07","200045","Operações relacionadas a projetos de reabilitação urbana de zonas históricas e de áreas críticas de recuperação e reconversão urbanística"
"07.08","200046","Operações com bens imóveis"
"07.08","200045","Operações relacionadas a projetos de reabilitação urbana de zonas históricas e de áreas críticas de recuperação e reconversão urbanística"
"07.09","000001","Situações tributadas integralmente pelo IBS e CBS."
"07.10","000001","Situações tributadas integralmente pelo IBS e CBS."
"07.10","200045","Operações relacionadas a projetos de reabilitação urbana de zonas históricas e de áreas críticas de recuperação e reconversão urbanística"
"07.11","000001","Situações tributadas integralmente pelo IBS e CBS."
"07.12","000001","Situações tributadas integralmente pelo IBS e CBS."
"07.13","000001","Situações tributadas integralmente pelo IBS e CBS."
"07.13","200038","Fornecimento dos insumos agropecuários e aquícolas (Anexo IX)"
"07.16","000001","Situações tributadas integralmente pelo IBS e CBS."
"07.16","200038","Fornecimento dos insumos agropecuários e aquícolas (Anexo IX)"
"07.16","200037","Fornecimento de serviços ambientais de conservação ou recuperação da vegetação nativa"
"07.17","200046","Operações com bens imóveis"
"07.17","200045","Operações relacionadas a projetos de reabilitação urbana de zonas históricas e de áreas críticas de recuperação e reconversão urbanística"
"07.18","000001","Situações tributadas integralmente pelo IBS e CBS."
"07.18","200045","Operações relacionadas a projetos de reabilitação urbana de zonas históricas e de áreas críticas de recuperação e reconversão urbanística"
"07.19","200052","Prestação de serviços de profissões intelectuais"
"07.19","200045","Operações relacionadas a projetos de reabilitação urbana de zonas históricas e de áreas críticas de recuperação e reconversão urbanística"
"07.20","000001","Situações tributadas integralmente pelo IBS e CBS."
"07.20","200045","Operações relacionadas a projetos de reabilitação urbana de zonas históricas e de áreas críticas de recuperação e reconversão urbanística"
"07.21","000001","Situações tributadas integralmente pelo IBS e CBS."
"07.22","000001","Situações tributadas integralmente pelo IBS e CBS."
"08.01","200028","Fornecimento dos serviços de educação (Anexo II)"
"08.01","200025","Fornecimento dos serviços de educação relacionados ao Programa Universidade para Todos (Prouni)"
"08.02","000001","Situações tributadas integralmente pelo IBS e CBS."
"08.02","200028","Fornecimento dos serviços de educação (Anexo II)"
"09.01","200048","Hotelaria, Parques de Diversão e Parques Temáticos"
"09.02","000001","Situações tributadas integralmente pelo IBS e CBS."
"09.02","200051","Agências de Turismo"
"09.03","200051","Agências de Turismo"
"10.01","000001","Situações tributadas integralmente pelo IBS e CBS."
"10.01","011003","Intermediação de planos de assistência à saúde"
"10.02","000001","Situações tributadas integralmente pelo IBS e CBS."
"10.03","000001","Situações tributadas integralmente pelo IBS e CBS."
"10.04","000001","Situações tributadas integralmente pelo IBS e CBS."
"10.05","200046","Operações com bens imóveis"
"10.05","000001","Situações tributadas integralmente pelo IBS e CBS."
"10.06","000001","Situações tributadas integralmente pelo IBS e CBS."
"10.07","000001","Situações tributadas integralmente pelo IBS e CBS."
"10.08","000001","Situações tributadas integralmente pelo IBS e CBS."
"10.09","000001","Situações tributadas integralmente pelo IBS e CBS."
"10.10","000001","Situações tributadas integralmente pelo IBS e CBS."
"11.01","000001","Situações tributadas integralmente pelo IBS e CBS."
"11.02","000001","Situações tributadas integralmente pelo IBS e CBS."
"11.03","000001","Situações tributadas integralmente pelo IBS e CBS."
"11.04","000001","Situações tributadas integralmente pelo IBS e CBS."
"11.05","000001","Situações tributadas integralmente pelo IBS e CBS."
"12.01","200039","Fornecimento dos serviços e o licenciamento ou cessão dos direitos destinados às produções nacionais artísticas (Anexo X)"
"12.01","000001","Situações tributadas integralmente pelo IBS e CBS."
"12.02","200039","Fornecimento dos serviços e o licenciamento ou cessão dos direitos destinados às produções nacionais artísticas (Anexo X)"
"12.02","000001","Situações tributadas integralmente pelo IBS e CBS."
"12.03","200039","Fornecimento dos serviços e o licenciamento ou cessão dos direitos destinados às produções nacionais artísticas (Anexo X)"
"12.03","000001","Situações tributadas integralmente pelo IBS e CBS."
"12.04","200039","Fornecimento dos serviços e o licenciamento ou cessão dos direitos destinados às produções nacionais artísticas (Anexo X)"
"12.04","000001","Situações tributadas integralmente pelo IBS e CBS."
"12.05","200048","Hotelaria, Parques de Diversão e Parques Temáticos"
"12.06","000001","Situações tributadas integralmente pelo IBS e CBS."
"12.07","200039","Fornecimento dos serviços e o licenciamento ou cessão dos direitos destinados às produções nacionais artísticas (Anexo X)"
"12.07","000001","Situações tributadas integralmente pelo IBS e CBS."
"12.08","200039","Fornecimento dos serviços e o licenciamento ou cessão dos direitos destinados às produções nacionais artísticas (Anexo X)"
"12.08","000001","Situações tributadas integralmente pelo IBS e CBS."
"12.09","000001","Situações tributadas integralmente pelo IBS e CBS."
"12.10","000001","Situações tributadas integralmente pelo IBS e CBS."
"12.11","200042","Fornecimento de serviço de educação desportiva (art. 141. II)"
"12.11","000001","Situações tributadas integralmente pelo IBS e CBS."
"12.12","200039","Fornecimento dos serviços e o licenciamento ou cessão dos direitos destinados às produções nacionais artísticas (Anexo X)"
"12.12","000001","Situações tributadas integralmente pelo IBS e CBS."
"12.13","200039","Fornecimento dos serviços e o licenciamento ou cessão dos direitos destinados às produções nacionais artísticas (Anexo X)"
"12.13","000001","Situações tributadas integralmente pelo IBS e CBS."
"12.14","200039","Fornecimento dos serviços e o licenciamento ou cessão dos direitos destinados às produções nacionais artísticas (Anexo X)"
"12.14","000001","Situações tributadas integralmente pelo IBS e CBS."
"12.15","200039","Fornecimento dos serviços e o licenciamento ou cessão dos direitos destinados às produções nacionais artísticas (Anexo X)"
"12.15","000001","Situações tributadas integralmente pelo IBS e CBS."
"12.16","200039","Fornecimento dos serviços e o licenciamento ou cessão dos direitos destinados às produções nacionais artísticas (Anexo X)"
"12.16","000001","Situações tributadas integralmente pelo IBS e CBS."
"12.17","000001","Situações tributadas integralmente pelo IBS e CBS."
"13.02","200039","Fornecimento dos serviços e o licenciamento ou cessão dos direitos destinados às produções nacionais artísticas (Anexo X)"
"13.02","000001","Situações tributadas integralmente pelo IBS e CBS."
"13.03","000001","Situações tributadas integralmente pelo IBS e CBS."
"13.03","200039","Fornecimento dos serviços e o licenciamento ou cessão dos direitos destinados às produções nacionais artísticas (Anexo X)"
"13.04","000001","Situações tributadas integralmente pelo IBS e CBS."
"13.05","000001","Situações tributadas integralmente pelo IBS e CBS."
"14.01","000001","Situações tributadas integralmente pelo IBS e CBS."
"14.01","200044","Operações e prestações de serviços de segurança da informação e segurança cibernética desenvolvidos por sociedade que tenha sócio brasileiro (Anexo XI)"
"14.02","000001","Situações tributadas integralmente pelo IBS e CBS."
"14.02","200044","Operações e prestações de serviços de segurança da informação e segurança cibernética desenvolvidos por sociedade que tenha sócio brasileiro (Anexo XI)"
"14.03","000001","Situações tributadas integralmente pelo IBS e CBS."
"14.04","000001","Situações tributadas integralmente pelo IBS e CBS."
"14.05","000001","Situações tributadas integralmente pelo IBS e CBS."
"14.06","000001","Situações tributadas integralmente pelo IBS e CBS."
"14.07","000001","Situações tributadas integralmente pelo IBS e CBS."
"14.08","000001","Situações tributadas integralmente pelo IBS e CBS."
"14.09","000001","Situações tributadas integralmente pelo IBS e CBS."
"14.10","000001","Situações tributadas integralmente pelo IBS e CBS."
"14.11","000001","Situações tributadas integralmente pelo IBS e CBS."
"14.12","000001","Situações tributadas integralmente pelo IBS e CBS."
"14.13","000001","Situações tributadas integralmente pelo IBS e CBS."
"14.14","000001","Situações tributadas integralmente pelo IBS e CBS."
"15.01","010002","Operações do serviço financeiro"
"15.02","000001","Situações tributadas integralmente pelo IBS e CBS."
"15.03","000001","Situações tributadas integralmente pelo IBS e CBS."
"15.04","000001","Situações tributadas integralmente pelo IBS e CBS."
"15.05","000001","Situações tributadas integralmente pelo IBS e CBS."
"15.06","000001","Situações tributadas integralmente pelo IBS e CBS."
"15.07","000001","Situações tributadas integralmente pelo IBS e CBS."
"15.08","000001","Situações tributadas integralmente pelo IBS e CBS."
"15.09","010002","Operações do serviço financeiro"
"15.10","000001","Situações tributadas integralmente pelo IBS e CBS."
"15.11","000001","Situações tributadas integralmente pelo IBS e CBS."
"15.12","000001","Situações tributadas integralmente pelo IBS e CBS."
"15.13","000001","Situações tributadas integralmente pelo IBS e CBS."
"15.14","000001","Situações tributadas integralmente pelo IBS e CBS."
"15.15","000001","Situações tributadas integralmente pelo IBS e CBS."
"15.16","000001","Situações tributadas integralmente pelo IBS e CBS."
"15.17","000001","Situações tributadas integralmente pelo IBS e CBS."
"15.18","000001","Situações tributadas integralmente pelo IBS e CBS."
"16.01","400001","Fornecimento de serviços de transporte público coletivo de passageiros rodoviário e metroviário"
"16.01","200021","Serviços de transporte público coletivo de passageiros ferroviário e hidroviário"
"16.01","000001","Situações tributadas integralmente pelo IBS e CBS."
"16.02","000001","Situações tributadas integralmente pelo IBS e CBS."
"17.01","000001","Situações tributadas integralmente pelo IBS e CBS."
"17.02","000001","Situações tributadas integralmente pelo IBS e CBS."
"17.03","000001","Situações tributadas integralmente pelo IBS e CBS."
"17.04","000001","Situações tributadas integralmente pelo IBS e CBS."
"17.05","000001","Situações tributadas integralmente pelo IBS e CBS."
"17.06","000001","Situações tributadas integralmente pelo IBS e CBS."
"17.08","000001","Situações tributadas integralmente pelo IBS e CBS."
"17.09","200038","Fornecimento dos insumos agropecuários e aquícolas (Anexo IX)"
"17.09","000001","Situações tributadas integralmente pelo IBS e CBS."
"17.10","000001","Situações tributadas integralmente pelo IBS e CBS."
"17.11","000001","Situações tributadas integralmente pelo IBS e CBS."
"17.12","200046","Operações com bens imóveis"
"17.12","000001","Situações tributadas integralmente pelo IBS e CBS."
"17.13","000001","Situações tributadas integralmente pelo IBS e CBS."
"17.14","200052","Prestação de serviços de profissões intelectuais"
"17.15","000001","Situações tributadas integralmente pelo IBS e CBS."
"17.16","200052","Prestação de serviços de profissões intelectuais"
"17.16","000001","Situações tributadas integralmente pelo IBS e CBS."
"17.17","000001","Situações tributadas integralmente pelo IBS e CBS."
"17.18","000001","Situações tributadas integralmente pelo IBS e CBS."
"17.19","200052","Prestação de serviços de profissões intelectuais"
"17.20","200052","Prestação de serviços de profissões intelectuais"
"17.21","200052","Prestação de serviços de profissões intelectuais"
"17.22","000001","Situações tributadas integralmente pelo IBS e CBS."
"17.23","000001","Situações tributadas integralmente pelo IBS e CBS."
"17.24","000001","Situações tributadas integralmente pelo IBS e CBS."
"17.25","000001","Situações tributadas integralmente pelo IBS e CBS."
"18.01","000001","Situações tributadas integralmente pelo IBS e CBS."
"19.01","000001","Situações tributadas integralmente pelo IBS e CBS."
"20.01","000001","Situações tributadas integralmente pelo IBS e CBS."
"20.02","000001","Situações tributadas integralmente pelo IBS e CBS."
"20.03","000001","Situações tributadas integralmente pelo IBS e CBS."
"21.01","000001","Situações tributadas integralmente pelo IBS e CBS."
"22.01","000002","Exploração de via"
"23.01","000001","Situações tributadas integralmente pelo IBS e CBS."
"24.01","000001","Situações tributadas integralmente pelo IBS e CBS."
"25.01","000001","Situações tributadas integralmente pelo IBS e CBS."
"25.01","200029","Fornecimento dos serviços de saúde humana (Anexo III)"
"25.02","000001","Situações tributadas integralmente pelo IBS e CBS."
"25.02","200029","Fornecimento dos serviços de saúde humana (Anexo III)"
"25.03","011001","Planos de assistência funerária."
"25.04","000001","Situações tributadas integralmente pelo IBS e CBS."
"25.05","000001","Situações tributadas integralmente pelo IBS e CBS."
"26.01","000001","Situações tributadas integralmente pelo IBS e CBS."
"27.01","200052","Prestação de serviços de profissões intelectuais"
"28.01","000001","Situações tributadas integralmente pelo IBS e CBS."
"29.01","200052","Prestação de serviços de profissões intelectuais"
"30.01","200052","Prestação de serviços de profissões intelectuais"
"31.01","200052","Prestação de serviços de profissões intelectuais"
"32.01","000001","Situações tributadas integralmente pelo IBS e CBS."
"33.01","000001","Situações tributadas integralmente pelo IBS e CBS."
"34.01","000001","Situações tributadas integralmente pelo IBS e CBS."
"35.01","000001","Situações tributadas integralmente pelo IBS e CBS."
"35.01","200040","Fornecimento de serviços de comunicação institucional à administração pública"
"35.01","200052","Prestação de serviços de profissões intelectuais"
"36.01","000001","Situações tributadas integralmente pelo IBS e CBS."
"37.01","000001","Situações tributadas integralmente pelo IBS e CBS."
"37.01","200039","Fornecimento dos serviços e o licenciamento ou cessão dos direitos destinados às produções nacionais artísticas (Anexo X)"
"38.01","200039","Fornecimento dos serviços e o licenciamento ou cessão dos direitos destinados às produções nacionais artísticas (Anexo X)"
"38.01","000001","Situações tributadas integralmente pelo IBS e CBS."
"39.01","000001","Situações tributadas integralmente pelo IBS e CBS."
"40.01","000001","Situações tributadas integralmente pelo IBS e CBS."
