"item_lc116","nbs","descricao_nbs"
"01.01","1.1502.10.00","Serviços de projeto, desenvolvimento e instalação de aplicativos e programas não personalizados (não customizados)"
"01.01","1.1502.20.00","Serviços de projeto e desenvolvimento, adaptação e instalação de aplicativos e programas personalizados (customizados)"
"01.01","1.1502.40.00","Serviços de projeto e desenvolvimento de estruturas e conteúdo de bancos de dados"
"01.01","1.1502.50.00","Serviços de integração de sistemas em tecnologia da informação (TI)"
"01.01","1.1502.90.00","Serviços de projeto e desenvolvimento de aplicativos e programas em tecnologia da informação (TI) não classificados em subposições anteriores"
"01.01","1.1503.00.00","Serviços de projeto e desenvolvimento de redes em tecnologia da informação (TI)"
"01.01","1.1504.00.00","Serviços de projeto e desenvolvimento de topografias de circuitos integrados"
"01.01","1.1505.00.00","Serviços de projeto de circuitos integrados"
"01.01","1.1507.10.00","Serviços de gerenciamento de redes em tecnologia da informação (TI)"
"01.01","1.1507.20.00","Serviços de gerenciamento de sistemas computacionais"
"01.01","1.1507.90.00","Serviços de gerenciamento de infraestrutura em tecnologia da informação (TI) não classificados em subposições anteriores"
"01.02","1.1502.10.00","Serviços de projeto, desenvolvimento e instalação de aplicativos e programas não personalizados (não customizados)"
"01.02","1.1502.20.00","Serviços de projeto e desenvolvimento, adaptação e instalação de aplicativos e programas personalizados (customizados)"
"01.02","1.1502.90.00","Serviços de projeto e desenvolvimento de aplicativos e programas em tecnologia da informação (TI) não classificados em subposições anteriores"
"01.03","1.1506.10.00","Serviços de hospedagem de sítios eletrônicos na rede mundial de computadores"
"01.03","1.1506.21.00","Serviços de hospedagem de aplicativos e programas software como serviço (SaaS)"
"01.03","1.1506.22.00","Serviços de fornecimento de infraestrutura como serviço (IaaS)"
"01.03","1.1506.23.00","Serviços de fornecimento de plataformas como serviço (PaaS)"
"01.03","1.1506.29.00","Serviços de hospedagem de aplicativos e programas não classificados em subposições anteriores"
"01.03","1.1506.90.00","Serviços de hospedagem e de disponibilização de infraestrutura em tecnologia da informação (TI) não classificados em subposições anteriores"
"01.03","1.1509.00.00","Serviços de processamento de dados"
"01.04","1.1502.10.00","Serviços de projeto, desenvolvimento e instalação de aplicativos e programas não personalizados (não customizados)"
"01.04","1.1502.20.00","Serviços de projeto e desenvolvimento, adaptação e instalação de aplicativos e programas personalizados (customizados)"
"01.04","1.1502.90.00","Serviços de projeto e desenvolvimento de aplicativos e programas em tecnologia da informação (TI) não classificados em subposições anteriores"
"01.05","1.1103.21.00","Licenciamento de direitos de produção, distribuição ou comercialização de programas de computador (software)"
"01.05","1.1103.22.00","Licenciamento de direitos de uso de programas de computador (software)"
"01.05","1.1103.23.00","Licenciamento de direitos sobre bancos de dados"
"01.05","1.1103.29.00","Licenciamento de direitos sobre programas de computador (software) e bancos de dados não classificado em subposições anteriores"
"01.05","1.1106.20.00","Cessão temporária de direitos sobre programas de computador (software)"
"01.05","1.1107.20.00","Cessão definitiva de direitos sobre programas de computador (software)"
"01.06","1.1501.10.00","Serviços de consultoria em tecnologia da informação (TI)"
"01.06","1.1501.20.00","Serviços de segurança em tecnologia da informação (TI)"
"01.06","1.1507.10.00","Serviços de gerenciamento de redes em tecnologia da informação (TI)"
"01.06","1.1507.20.00","Serviços de gerenciamento de sistemas computacionais"
"01.06","1.1507.90.00","Serviços de gerenciamento de infraestrutura em tecnologia da informação (TI) não classificados em subposições anteriores"
"01.06","1.1510.00.00","Serviços de tecnologia da informação (TI) não classificados em subposições anteriores"
"01.07","1.1501.30.00","Serviços de suporte em tecnologia da informação (TI)"
"01.07","1.1508.00.00","Serviços de manutenção de aplicativos e programas"
"01.07","1.1502.10.00","Serviços de projeto, desenvolvimento e instalação de aplicativos e programas não personalizados (não customizados)"
"01.07","1.1502.20.00","Serviços de projeto e desenvolvimento, adaptação e instalação de aplicativos e programas personalizados (customizados)"
"01.08","1.1502.30.00","Serviços de projeto e desenvolvimento de estruturas e conteúdo de páginas eletrônicas"
"01.09","1.1703.10.00","Serviços de oferta de livros, jornais, periódicos, diretórios e malas diretas de acesso imediato (on-line)"
"01.09","1.1703.21.00","Serviços de oferta de áudio para download"
"01.09","1.1703.22.00","Serviços de oferta de áudio de conteúdo contínuo (streaming)"
"01.09","1.1703.31.00","Serviços de oferta de arquivos contendo filmes e vídeos para download"
"01.09","1.1703.32.00","Serviços de oferta de filmes e vídeos de conteúdo contínuo (streaming)"
"01.09","1.1703.91.00","Serviços de oferta de jogos de acesso imediato (on-line)"
"01.09","1.1703.92.00","Serviços de oferta de conteúdo de portais de busca na rede mundial de computadores"
"01.09","1.1703.99.00","Serviços de oferta de outros conteúdos de acesso imediato (on-line) não classificados em subposições anteriores"
"02.01","1.1201.11.00","Serviços de pesquisa e desenvolvimento em ciências físicas"
"02.01","1.1201.12.00","Serviços de pesquisa e desenvolvimento em química e biologia"
"02.01","1.1201.19.00","Serviços de pesquisa e desenvolvimento em ciências não classificadas em subposições anteriores"
"02.01","1.1201.20.00","Serviços de pesquisa e desenvolvimento em biotecnologia"
"02.01","1.1201.31.00","Serviços de pesquisa e desenvolvimento em Tecnologia da Informação e Comunicação (TIC)"
"02.01","1.1201.32.00","Serviços de pesquisa e desenvolvimento em nanotecnologia"
"02.01","1.1201.33.00","Serviços de pesquisa e desenvolvimento em engenharia e tecnologia nucleares"
"02.01","1.1201.34.00","Serviços de pesquisa e desenvolvimento em engenharia e tecnologia em micro-ondas de potência"
"02.01","1.1201.39.00","Serviços de pesquisa e desenvolvimento em engenharia e tecnologia não classificados em subposições anteriores"
"02.01","1.1201.40.00","Serviços de pesquisa e desenvolvimento em ciências médicas, odontológicas e farmacêuticas"
"02.01","1.1201.50.00","Serviços de pesquisa e desenvolvimento em ciências agrárias"
"02.01","1.1201.90.00","Serviços de pesquisa e desenvolvimento em ciências, engenharia e tecnologia não classificados em subposições anteriores"
"02.01","1.1202.10.00","Serviços de pesquisa e desenvolvimento em psicologia"
"02.01","1.1202.20.00","Serviços de pesquisa e desenvolvimento em ciências econômicas"
"02.01","1.1202.30.00","Serviços de pesquisa e desenvolvimento em direito"
"02.01","1.1202.40.00","Serviços de pesquisa e desenvolvimento em línguas e literatura"
"02.01","1.1202.90.00","Serviços de pesquisa e desenvolvimento em ciências sociais e humanidades não classificadas em subposições anteriores"
"02.01","1.1203.00.00","Serviços de pesquisa e desenvolvimento interdisciplinar"
"03.02","1.1103.33.00","Licenciamento de direitos de autor de obras publicitárias"
"03.02","1.1104.20.00","Licenciamento de direitos sobre marcas"
"03.02","1.1106.33.00","Cessão temporária de direitos de autor de obras publicitárias"
"03.02","1.1107.33.00","Cessão definitiva de direitos de obras publicitárias"
"03.02","1.1108.20.00","Cessão definitiva de direitos sobre marcas"
"03.03","1.1805.31.00","Serviços de reservas para centros de convenções, auditórios e salas de exposições"
"03.03","1.1806.61.00","Serviços de assistência e organização de convenções"
"03.03","1.1806.62.00","Serviços de assistência e organização de feiras de negócios"
"03.03","1.1806.63.00","Serviços de assistência e organização de exposições e outros eventos"
"03.03","1.2508.00.00","Serviços recreativos, culturais e desportivos não classificados em posições anteriores"
"03.04","1.1001.12.10","Serviços de administração e locação, sublocação, arrendamento, direito de passagem ou permissão de uso, compartilhado ou não, de ferrovia, rodovia, postes, cabos, dutos e condutos de qualquer natureza"
"03.05","1.0105.70.00","Serviços de andaimes"
"03.05","1.0105.50.00","Serviços de montagem de estruturas de aço"
"04.01","1.2301.22.00","Serviços médicos especializados"
"04.02","1.2301.93.00","Serviços laboratoriais"
"04.02","1.2301.94.00","Serviços de diagnóstico por imagem"
"04.03","1.2301.11.00","Serviços cirúrgicos"
"04.03","1.2301.12.00","Serviços ginecológicos e obstétricos"
"04.03","1.2301.13.00","Serviços psiquiátricos"
"04.03","1.2301.14.00","Serviços prestados em Unidades de Terapia Intensiva"
"04.03","1.2301.15.00","Serviços de atendimento de urgência"
"04.03","1.2301.19.00","Serviços hospitalares não classificados em subposições anteriores"
"04.03","1.2301.21.00","Serviços de clínica médica"
"04.03","1.2301.93.00","Serviços laboratoriais"
"04.04","1.2301.11.00","Serviços cirúrgicos"
"04.05","1.2301.99.00","Outros serviços de saúde humana não classificados em subposições anteriores"
"04.06","1.2301.91.00","Serviços de enfermagem"
"04.06","1.2301.97.00","Serviços de assistência ao parto e pós-parto"
"04.07","1.2301.99.00","Outros serviços de saúde humana não classificados em subposições anteriores"
"04.08","1.2301.92.00","Serviços de fisioterapia"
"04.08","1.2301.99.00","Outros serviços de saúde humana não classificados em subposições anteriores"
"04.09","1.2301.99.00","Outros serviços de saúde humana não classificados em subposições anteriores"
"04.10","1.2301.99.00","Outros serviços de saúde humana não classificados em subposições anteriores"
"04.11","1.2301.12.00","Serviços ginecológicos e obstétricos"
"04.11","1.2301.97.00","Serviços de assistência ao parto e pós-parto"
"04.12","1.2301.23.00","Serviços odontológicos"
"04.13","1.2301.99.00","Outros serviços de saúde humana não classificados em subposições anteriores"
"04.14","1.2301.99.00","Outros serviços de saúde humana não classificados em subposições anteriores"
"04.15","1.2301.22.00","Serviços médicos especializados"
"04.16","1.2301.98.00","Serviços de psicologia"
"04.17","1.2201.11.00","Serviços de creche ou entidade equivalente"
"04.17","1.2302.10.00","Serviços de cuidado em saúde em unidades de acolhimento"
"04.17","1.2302.21.00","Serviços de assistência a idosos em unidades de acolhimento"
"04.17","1.2302.22.00","Serviços de assistência a crianças e adolescentes com deficiência em unidades de acolhimento"
"04.17","1.2302.23.00","Serviços de assistência a adultos com deficiência em unidades de acolhimento"
"04.17","1.2303.00.00","Serviços de assistência social com acomodação"
"04.18","1.2301.21.00","Serviços de clínica médica"
"04.19","1.2301.95.00","Serviços de bancos de material biológico humano"
"04.20","1.2301.95.00","Serviços de bancos de material biológico humano"
"04.21","1.2301.96.00","Serviços de ambulância"
"04.22","1.0910.10.00","Serviços de planos privados de assistência à saúde"
"04.22","1.0910.90.00","Serviços de planos privados de assistência à saúde e serviços relacionados não classificados em subposições anteriores"
"04.23","1.0910.10.00","Serviços de planos privados de assistência à saúde"
"04.23","1.0910.90.00","Serviços de planos privados de assistência à saúde e serviços relacionados não classificados em subposições anteriores"
"05.01","1.1405.12.00","Serviços de atendimento, assistência ou tratamento para animais domésticos"
"05.01","1.1405.22.00","Serviços de atendimento, assistência ou tratamento para animais de corte"
"05.01","1.1405.90.00","Serviços veterinários não classificados em subposições anteriores"
"05.02","1.1405.11.00","Serviços hospitalares, com ou sem internação, para animais domésticos"
"05.02","1.1405.12.00","Serviços de atendimento, assistência ou tratamento para animais domésticos"
"05.02","1.1405.21.00","Serviços hospitalares, com ou sem internação, para animais de corte"
"05.02","1.1405.22.00","Serviços de atendimento, assistência ou tratamento para animais de corte"
"05.03","1.1405.90.00","Serviços veterinários não classificados em subposições anteriores"
"05.04","1.1405.90.00","Serviços veterinários não classificados em subposições anteriores"
"05.05","1.1405.40.00","Serviços de bancos de órgãos, sangue, sêmen, tecidos, óvulos e outros materiais biológicos"
"05.06","1.1405.40.00","Serviços de bancos de órgãos, sangue, sêmen, tecidos, óvulos e outros materiais biológicos"
"05.07","1.1405.12.00","Serviços de atendimento, assistência ou tratamento para animais domésticos"
"05.07","1.1405.22.00","Serviços de atendimento, assistência ou tratamento para animais de corte"
"05.08","1.1405.60.00","Serviços de guarda, adestramento, embelezamento e alojamento"
"05.09","1.1405.50.00","Planos de atendimento e assistência médico-veterinária"
"06.01","1.2602.10.00","Serviços de cabeleireiros e barbeiros"
"06.01","1.2602.20.00","Serviços de manicure, pedicure e tratamento cosmético"
"06.02","1.2602.20.00","Serviços de manicure, pedicure e tratamento cosmético"
"06.02","1.2602.30.00","Serviços de bem-estar físico"
"06.02","1.2602.90.00","Serviços de tratamento de beleza e bem-estar físico não classificados em subposições anteriores"
"06.03","1.2602.30.00","Serviços de bem-estar físico"
"06.04","1.2205.12.00","Serviços de educação desportiva e recreacional"
"06.04","1.2505.90.00","Serviços desportivos e recreacionais desportivos não classificados em subposições anteriores"
"06.05","1.2602.30.00","Serviços de bem-estar físico"
"06.05","1.2602.90.00","Serviços de tratamento de beleza e bem-estar físico não classificados em subposições anteriores"
"06.06","1.2602.90.00","Serviços de tratamento de beleza e bem-estar físico não classificados em subposições anteriores"
"07.01","1.1402.11.00","Serviços de consultoria em arquitetura"
"07.01","1.1402.12.00","Serviços de arquitetura para projetos de construções residenciais"
"07.01","1.1402.13.00","Serviços de arquitetura para projetos de construções não residenciais"
"07.01","1.1402.14.00","Serviços de arquitetura para restauração de prédios históricos"
"07.01","1.1402.21.00","Serviços de planejamento urbano"
"07.01","1.1402.22.00","Serviços de planejamento de áreas rurais"
"07.01","1.1402.31.00","Serviços de consultoria em paisagismo"
"07.01","1.1402.32.00","Serviços de paisagismo, exceto consultoria"
"07.01","1.1402.90.00","Serviços de arquitetura, de planejamento urbano e de áreas rurais e de paisagismo não classificados em subposições anteriores"
"07.01","1.1403.10.00","Serviços de consultoria em engenharia"
"07.01","1.1403.21.10","Serviços de engenharia para projetos de construção residencial"
"07.01","1.1403.21.20","Serviços de engenharia para projetos de construção não residencial"
"07.01","1.1403.22.11","Serviços de engenharia para projetos de exploração de minerais"
"07.01","1.1403.22.12","Serviços de engenharia para projetos de exploração de petróleo e gás"
"07.01","1.1403.22.13","Serviços de engenharia para projetos de refino de petróleo e petroquímica"
"07.01","1.1403.22.14","Serviços de engenharia para projetos de unidades de produção de biocombustíveis"
"07.01","1.1403.22.21","Serviços de engenharia para projetos de veículos terrestres"
"07.01","1.1403.22.22","Serviços de engenharia para projetos de embarcações"
"07.01","1.1403.22.23","Serviços de engenharia para projetos de veículos aéreos e aeroespaciais"
"07.01","1.1403.22.90","Serviços de engenharia para outros projetos industriais e de fabricação, exceto para projetos de energia"
"07.01","1.1403.23.00","Serviços de engenharia para projetos de infraestrutura de transportes"
"07.01","1.1403.24.00","Serviços de engenharia para projetos de energia"
"07.01","1.1403.25.00","Serviços de engenharia para projetos de telecomunicações, radiodifusão e televisão"
"07.01","1.1403.26.00","Serviços de engenharia para projetos de gerenciamento de resíduos (perigosos e não perigosos)"
"07.01","1.1403.27.00","Serviços de engenharia para projetos de distribuição de água e rede de esgoto"
"07.01","1.1403.29.00","Serviços de engenharia para outros projetos"
"07.01","1.1403.30.00","Serviços de gerenciamento de projetos de construção"
"07.01","1.1403.90.00","Serviços de engenharia não classificados em subposições anteriores"
"07.01","1.1404.11.00","Serviços de consultoria geológica e geofísica"
"07.01","1.1404.12.00","Serviços geofísicos"
"07.01","1.1404.13.00","Serviços geoquímicos"
"07.01","1.1404.14.00","Serviços de informações para avaliação e exploração de recursos naturais"
"07.01","1.1404.19.00","Serviços geológicos, geofísicos e outros de prospecção não classificados em subposições anteriores"
"07.02","1.0101.11.00","Serviços de construção de edificações residenciais de um e dois pavimentos"
"07.02","1.0101.12.00","Serviços de construção de edificações residenciais com mais de dois pavimentos"
"07.02","1.0101.21.00","Serviços de construção de edificações industriais"
"07.02","1.0101.22.00","Serviços de construção de edificações comerciais"
"07.02","1.0101.29.00","Serviços de construção de edificações não residenciais não classificados em subposições anteriores"
"07.02","1.0101.30.00","Serviços de construção de edificações de uso misto (residencial e não residencial)"
"07.02","1.0102.11.00","Serviços de construção de autoestradas (exceto autoestradas elevadas), ruas e estradas"
"07.02","1.0102.12.00","Serviços de construção de ferrovias"
"07.02","1.0102.13.00","Serviços de construção de pistas de pouso e decolagem em aeroportos e de infraestrutura aeroportuária"
"07.02","1.0102.20.00","Serviços de construção de pontes, autoestradas elevadas e túneis"
"07.02","1.0102.31.00","Serviços de construção de infraestrutura de proteção e acesso aquaviário"
"07.02","1.0102.32.00","Serviços de construção de infraestrutura de acostagem aquaviária"
"07.02","1.0102.33.00","Serviços de construção de infraestrutura terrestre e de obras de engenharia afins nos portos"
"07.02","1.0102.34.00","Serviços de construção de barragens"
"07.02","1.0102.35.10","Serviços de construção de adutoras em conduto livre"
"07.02","1.0102.35.20","Serviços de construção de sistemas de irrigação"
"07.02","1.0102.35.30","Serviços de construção relacionada ao controle dos cursos de água, inclusive canalização"
"07.02","1.0102.41.10","Serviços de construção de dutos de longo curso para o transporte de petróleo, seus derivados, e gás"
"07.02","1.0102.41.20","Serviços de construção de dutos de longo curso para o transporte e escoamento de águas"
"07.02","1.0102.41.90","Serviços de construção de dutos de longo curso não classificados em subposições anteriores"
"07.02","1.0102.42.10","Serviços de construção de linhas de comunicação de longo curso"
"07.02","1.0102.42.20","Serviços de construção de linhas de transmissão de alta tensão"
"07.02","1.0102.51.00","Serviços de construção de dutos locais"
"07.02","1.0102.52.10","Serviços de construção de linhas locais de comunicação"
"07.02","1.0102.52.20","Serviços de construção de linhas locais de transmissão de baixa e média tensão"
"07.02","1.0102.53.10","Serviços de construção de sistemas de esgotos"
"07.02","1.0102.53.20","Serviços de construção de sistemas de estações para elevação, tratamento e purificação de água"
"07.02","1.0102.61.00","Serviços de construção de usinas de geração de energia"
"07.02","1.0102.69.00","Serviços de construção de instalações industriais não classificados em subposições anteriores"
"07.02","1.0102.70.00","Serviços de construção de minas e suas unidades industriais"
"07.02","1.0102.80.00","Serviços de construção de instalações para recreação e atividades desportivas ao ar livre"
"07.02","1.0102.90.00","Serviços de construção de obras de engenharia civil não classificados em subposições anteriores"
"07.02","1.0103.20.00","Serviços de preparação de terrenos e de canteiros de obras"
"07.02","1.0103.30.00","Serviços de escavação e remoção de terra"
"07.02","1.0103.41.00","Serviços de perfuração de poços de água"
"07.02","1.0103.42.00","Serviços de instalação de sistemas sépticos"
"07.02","1.0104.00.00","Serviços de montagem e de edificação de construções pré-fabricadas"
"07.02","1.0105.11.00","Serviços de estaqueamento"
"07.02","1.0105.12.00","Serviços de fundação"
"07.02","1.0105.21.00","Serviços de construção de estruturas de edificações"
"07.02","1.0105.22.00","Serviços de construção de estruturas de telhados e coberturas"
"07.02","1.0105.30.00","Serviços de construção de telhados e coberturas e serviços de impermeabilização"
"07.02","1.0105.40.00","Serviços de concretagem"
"07.02","1.0105.50.00","Serviços de montagem de estruturas de aço"
"07.02","1.0105.60.00","Serviços de alvenaria"
"07.02","1.0105.90.00","Serviços especializados de construção não classificados em subposições anteriores"
"07.02","1.0106.11.00","Serviços de instalação de fiação elétrica e componentes"
"07.02","1.0106.19.00","Serviços de instalação elétrica não classificados em subposições anteriores"
"07.02","1.0106.21.00","Serviços de instalação de tubulação para fornecimento de água"
"07.02","1.0106.22.00","Serviços de instalação de tubulação para escoamento de água"
"07.02","1.0106.60.00","Serviços de instalação de elevadores, esteiras e escadas rolantes"
"07.02","1.0107.30.00","Serviços de pintura"
"07.02","1.0107.40.00","Serviços de revestimento de pisos e de paredes"
"07.02","1.0106.32.00","Serviços de instalação de equipamentos de ventilação e de ar condicionado"
"07.02","1.0106.40.00","Serviços de instalação de gás"
"07.03","1.1402.11.00","Serviços de consultoria em arquitetura"
"07.03","1.1403.10.00","Serviços de consultoria em engenharia"
"07.03","1.1402.21.00","Serviços de planejamento urbano"
"07.03","1.1402.22.00","Serviços de planejamento de áreas rurais"
"07.04","1.0103.10.00","Serviços de demolição"
"07.05","1.0101.11.00","Serviços de construção de edificações residenciais de um e dois pavimentos"
"07.05","1.0101.12.00","Serviços de construção de edificações residenciais com mais de dois pavimentos"
"07.05","1.0101.21.00","Serviços de construção de edificações industriais"
"07.05","1.0101.22.00","Serviços de construção de edificações comerciais"
"07.05","1.0101.29.00","Serviços de construção de edificações não residenciais não classificados em subposições anteriores"
"07.05","1.0101.30.00","Serviços de construção de edificações de uso misto (residencial e não residencial)"
"07.05","1.0102.11.00","Serviços de construção de autoestradas (exceto autoestradas elevadas), ruas e estradas"
"07.05","1.0102.12.00","Serviços de construção de ferrovias"
"07.05","1.0102.13.00","Serviços de construção de pistas de pouso e decolagem em aeroportos e de infraestrutura aeroportuária"
"07.05","1.0102.20.00","Serviços de construção de pontes, autoestradas elevadas e túneis"
"07.05","1.0102.31.00","Serviços de construção de infraestrutura de proteção e acesso aquaviário"
"07.05","1.0102.32.00","Serviços de construção de infraestrutura de acostagem aquaviária"
"07.05","1.0102.33.00","Serviços de construção de infraestrutura terrestre e de obras de engenharia afins nos portos"
"07.05","1.0102.34.00","Serviços de construção de barragens"
"07.05","1.0102.35.10","Serviços de construção de adutoras em conduto livre"
"07.05","1.0102.35.20","Serviços de construção de sistemas de irrigação"
"07.05","1.0102.35.30","Serviços de construção relacionada ao controle dos cursos de água, inclusive canalização"
"07.05","1.0102.41.10","Serviços de construção de dutos de longo curso para o transporte de petróleo, seus derivados, e gás"
"07.05","1.0102.41.20","Serviços de construção de dutos de longo curso para o transporte e escoamento de águas"
"07.05","1.0102.41.90","Serviços de construção de dutos de longo curso não classificados em subposições anteriores"
"07.05","1.0102.42.10","Serviços de construção de linhas de comunicação de longo curso"
"07.05","1.0102.42.20","Serviços de construção de linhas de transmissão de alta tensão"
"07.05","1.0102.51.00","Serviços de construção de dutos locais"
"07.05","1.0102.52.10","Serviços de construção de linhas locais de comunicação"
"07.05","1.0102.52.20","Serviços de construção de linhas locais de transmissão de baixa e média tensão"
"07.05","1.0102.53.10","Serviços de construção de sistemas de esgotos"
"07.05","1.0102.53.20","Serviços de construção de sistemas de estações para elevação, tratamento e purificação de água"
"07.05","1.0102.61.00","Serviços de construção de usinas de geração de energia"
"07.05","1.0102.69.00","Serviços de construção de instalações industriais não classificados em subposições anteriores"
"07.05","1.0102.70.00","Serviços de construção de minas e suas unidades industriais"
"07.05","1.0102.80.00","Serviços de construção de instalações para recreação e atividades desportivas ao ar livre"
"07.05","1.0102.90.00","Serviços de construção de obras de engenharia civil não classificados em subposições anteriores"
"07.05","1.0107.30.00","Serviços de pintura"
"07.06","1.0106.50.00","Serviços de instalação de isolamentos"
"07.06","1.0107.10.00","Serviços de vidraçaria"
"07.06","1.0107.20.00","Serviços de gesso e de estuque"
"07.06","1.0107.40.00","Serviços de revestimento de pisos e de paredes"
"07.07","1.0107.40.00","Serviços de revestimento de pisos e de paredes"
"07.08","1.0107.90.00","Serviços de acabamento não classificados em subposições anteriores"
"07.09","1.2406.10.00","Serviços de varrição de vias e áreas públicas"
"07.09","1.2402.20.00","Serviços de esvaziamento e limpeza de fossas sépticas"
"07.09","1.2403.11.00","Serviços de coleta de resíduos de serviços de saúde e outros resíduos biológicos"
"07.09","1.2403.12.00","Serviços de coleta de resíduos perigosos industriais, exceto resíduos de serviços de saúde e outros resíduos biológicos"
"07.09","1.2403.19.00","Serviços de coleta de outros resíduos perigosos não classificados em subposições anteriores"
"07.09","1.2403.21.00","Serviços de coleta de resíduos recicláveis, não perigosos, de origem doméstica"
"07.09","1.2403.22.00","Serviços de coleta de resíduos recicláveis, não perigosos, exceto de origem doméstica"
"07.09","1.2403.31.00","Serviços de coleta de resíduos gerais de origem doméstica"
"07.09","1.2403.32.00","Serviços de coleta de resíduos gerais, exceto de origem doméstica"
"07.09","1.2404.11.00","Serviços de triagem, preparação, consolidação e estocagem de resíduos perigosos"
"07.09","1.2404.12.00","Serviços de demolição e desmantelamento de embarcações, veículos e outros bens"
"07.09","1.2404.13.00","Serviços de triagem, preparação, consolidação e estocagem de resíduos recicláveis não perigosos"
"07.09","1.2404.19.00","Serviços de triagem, preparação, consolidação e estocagem de resíduos não perigosos, exceto os recicláveis"
"07.09","1.2404.33.00","Serviços de incineração de resíduos não perigosos"
"07.10","1.1803.10.00","Serviços gerais de limpeza"
"07.10","1.1803.22.00","Serviços de limpeza de janelas"
"07.10","1.1803.29.00","Serviços especializados de limpeza não classificados em subposições anteriores"
"07.10","1.2405.14.00","Serviços de remediação em edificações"
"07.10","1.2406.90.00","Serviços de limpeza urbana e similares não classificados em subposições anteriores"
"07.10","1.2407.00.00","Serviços de proteção ambiental não classificados em posições anteriores"
"07.11","1.1409.11.00","Serviços de design de interiores para espaços comerciais e públicos"
"07.11","1.1409.12.00","Serviços de design de interiores para espaços residenciais"
"07.11","1.1806.70.00","Serviços de jardinagem"
"07.12","1.2404.21.00","Serviços de tratamento de resíduos perigosos"
"07.12","1.2404.22.00","Serviços de eliminação de resíduos perigosos"
"07.12","1.2404.31.00","Serviços de tratamento e eliminação de resíduos não perigosos em aterros sanitários"
"07.12","1.2404.32.00","Serviços de tratamento e eliminação de resíduos não perigosos em aterros, exceto os sanitários"
"07.12","1.2404.39.00","Serviços de tratamento e eliminação de resíduos não perigosos não classificados em subposições anteriores"
"07.12","1.2405.11.00","Serviços de remediação e limpeza do ar"
"07.12","1.2405.12.00","Serviços de remediação e limpeza de águas de superfície"
"07.12","1.2405.13.00","Serviços de remediação e limpeza do solo e de águas subterrâneas"
"07.12","1.2405.20.00","Serviços de contenção, controle e monitoramento de áreas contaminadas"
"07.12","1.2405.90.00","Serviços de remediação não classificados em subposições anteriores"
"07.13","1.1803.21.00","Serviços de desinfecção e extermínio de pragas"
"07.16","1.1105.41.00","Exploração de recursos vegetais, inclusive florestais"
"07.16","1.1901.10.00","Serviços de apoio à agricultura"
"07.16","1.1901.30.00","Serviços de apoio à produção florestal (silvicultura)"
"07.16","1.0602.31.00","Serviços de armazenagem de granéis sólidos"
"07.17","1.0105.11.00","Serviços de estaqueamento"
"07.18","1.2406.90.00","Serviços de limpeza urbana e similares não classificados em subposições anteriores"
"07.19","1.1402.15.00","Serviços de arquitetura relativos ao acompanhamento e fiscalização da execução de projetos arquitetônicos e urbanísticos"
"07.19","1.1403.21.10","Serviços de engenharia para projetos de construção residencial"
"07.19","1.1403.21.20","Serviços de engenharia para projetos de construção não residencial"
"07.19","1.1403.30.00","Serviços de gerenciamento de projetos de construção"
"07.20","1.1404.21.00","Serviços topográficos"
"07.20","1.1404.22.00","Serviços cartográficos"
"07.20","1.1404.19.00","Serviços geológicos, geofísicos e outros de prospecção não classificados em subposições anteriores"
"07.21","1.1404.19.00","Serviços geológicos, geofísicos e outros de prospecção não classificados em subposições anteriores"
"07.21","1.1902.10.00","Serviços de apoio à extração de petróleo e gás"
"07.21","1.1902.90.00","Serviços de apoio à mineração não classificados em subposições anteriores"
"07.22","1.1901.10.00","Serviços de apoio à agricultura"
"08.01","1.2201.11.00","Serviços de creche ou entidade equivalente"
"08.01","1.2201.12.00","Serviços de pré-escola"
"08.01","1.2201.19.00","Serviços de educação infantil não classificados em subposições anteriores"
"08.01","1.2201.20.00","Serviços de ensino fundamental"
"08.01","1.2201.30.00","Serviços de ensino médio"
"08.01","1.2202.00.00","Serviços de educação técnica de nível médio"
"08.01","1.2203.10.00","Serviços de ensino fundamental de jovens e adultos"
"08.01","1.2203.20.00","Serviços de ensino médio de jovens e adultos"
"08.01","1.2204.10.00","Serviços educacionais de graduação"
"08.01","1.2204.20.00","Serviços educacionais de pós-graduação"
"08.01","1.2204.30.00","Serviços educacionais de extensão"
"08.01","1.2204.40.00","Serviços educacionais de cursos sequenciais"
"08.02","1.2205.11.00","Serviços de educação com enfoque cultural"
"08.02","1.2205.13.00","Serviços de educação em línguas estrangeiras e de sinais"
"08.02","1.2205.19.00","Serviços de educação, inclusive treinamento não classificados em subposições anteriores"
"08.02","1.2205.20.00","Serviços de apoio aos serviços educacionais"
"09.01","1.0303.11.00","Serviços de hospedagem em quartos ou unidades de hospedagem para visitantes, com serviços diários de faxina"
"09.01","1.0303.12.00","Serviços de hospedagem em quartos ou unidades de hospedagem para visitantes, sem serviços diários de faxina"
"09.01","1.0303.13.00","Serviços de hospedagem em quartos ou unidades de hospedagem para visitantes, em propriedades partilhadas"
"09.01","1.0303.14.00","Serviços de hospedagem em quartos ou unidades de hospedagem para visitantes, em quartos de múltipla ocupação"
"09.01","1.0303.20.00","Serviços de acampamentos turísticos (camping)"
"09.01","1.0303.90.00","Serviços de hospedagem para visitantes não classificados em subposições anteriores"
"09.01","1.0304.10.00","Serviços de hospedagem em quartos ou unidades de hospedagem para estudantes em residências estudantis"
"09.01","1.0304.20.00","Serviços de hospedagem em quartos ou unidades de hospedagem para trabalhadores em hotéis ou campos"
"09.01","1.0304.90.00","Serviços de hospedagem, exceto para visitantes não classificados em subposições anteriores"
"09.02","1.0401.17.10","Serviços de transporte rodoviário para passeios turísticos (sightseeing)"
"09.02","1.0401.17.20","Serviços de transporte ferroviário para passeios turísticos (sightseeing)"
"09.02","1.0401.17.90","Serviços de transporte terrestre para passeios turísticos (sightseeing) não classificados em itens anteriores"
"09.02","1.0401.23.00","Serviços de transporte aquaviário para passeios turísticos (sightseeing)"
"09.02","1.0401.43.00","Serviços de transporte aéreo para passeios turísticos (sightseeing)"
"09.02","1.0402.13.20","Serviços de fretamento eventual ou turístico, nacional, exceto local"
"09.02","1.1805.40.00","Serviços de operadoras de turismo"
"09.02","1.1805.11.00","Serviços de reservas para transporte aéreo de passageiros"
"09.02","1.1805.12.00","Serviços de reservas para transporte ferroviário de passageiros"
"09.02","1.1805.13.00","Serviços de reservas para transporte rodoviário de passageiros"
"09.02","1.1805.14.00","Serviços de reservas de carros de aluguel"
"09.02","1.1805.19.00","Serviços de reservas para transporte de passageiros não classificados em subposições anteriores"
"09.02","1.1805.21.00","Serviços de reservas de hospedagem, exceto em unidades compartilhadas"
"09.02","1.1805.22.00","Serviços de reservas e intercâmbio de unidades compartilhadas (time-share)"
"09.02","1.1805.23.00","Serviços de reservas em cruzeiros"
"09.02","1.1805.24.00","Serviços de reservas de pacotes turísticos"
"09.02","1.1805.31.00","Serviços de reservas para centros de convenções, auditórios e salas de exposições"
"09.02","1.1805.32.00","Serviços de reservas de ingressos para eventos de entretenimento e recreativos"
"09.02","1.1805.39.00","Serviços de reservas não classificados em subposições anteriores"
"09.02","1.1805.61.00","Serviços de promoção turística"
"09.02","1.1805.62.00","Serviços de informação a visitantes"
"09.03","1.1805.50.00","Serviços de guias turísticos"
"10.01","1.0906.11.00","Serviços de agenciamento e corretagem de seguros, resseguros e previdência complementar, exceto de seguros saúde"
"10.01","1.0906.12.00","Serviços de corretagem de seguros saúde"
"10.01","1.0910.20.00","Serviços de corretagem de planos privados de assistência à saúde"
"10.01","1.0905.90.00","Serviços auxiliares aos serviços financeiros não classificados em subposições anteriores"
"10.02","1.0607.00.00","Serviços de agenciamento de transporte de cargas"
"10.02","1.0905.11.00","Serviços de corretagem de títulos"
"10.02","1.0905.12.00","Serviços de corretagem de derivativos e commodities"
"10.03","1.2501.40.00","Serviços de agenciamento para a comercialização de obras audiovisuais"
"10.03","1.0905.11.00","Serviços de corretagem de títulos"
"10.04","1.0905.90.00","Serviços auxiliares aos serviços financeiros não classificados em subposições anteriores"
"10.05","1.1001.21.00","Serviços de intermediação na compra e venda de imóveis residenciais"
"10.05","1.1001.22.00","Serviços de intermediação na compra e venda de imóveis não residenciais"
"10.05","1.0201.00.00","Serviços de intermediação na distribuição de mercadorias"
"10.05","1.0205.00.00","Serviços de intermediação na comercialização de energia elétrica"
"10.05","1.0905.12.00","Serviços de corretagem de derivativos e commodities"
"10.06","1.0502.29.00","Serviços de transportes aquaviário costeiro de cargas não classificados em subposições anteriores"
"10.06","1.0607.00.00","Serviços de agenciamento de transporte de cargas"
"10.07","1.1704.10.00","Serviços de agências de notícias para jornais e periódicos"
"10.07","1.1704.20.00","Serviços de agências de notícias para mídia audiovisual"
"10.08","1.1406.20.00","Aquisição ou venda de espaço ou tempo para propaganda, sob comissão"
"10.09","1.0201.00.00","Serviços de intermediação na distribuição de mercadorias"
"10.10","1.0201.00.00","Serviços de intermediação na distribuição de mercadorias"
"11.01","1.0604.30.00","Serviços de estacionamento"
"11.01","1.0605.90.00","Serviços de apoio ao transporte aquaviário não classificados em subposições anteriores"
"11.01","1.0606.19.00","Serviços de apoio ao transporte aéreo não classificados em subposições anteriores"
"11.02","1.1802.50.00","Serviços de guarda e escolta armada"
"11.02","1.1802.20.00","Serviços de consultoria em segurança"
"11.02","1.1802.30.00","Serviços de sistemas de segurança"
"11.02","1.1802.90.00","Serviços de segurança não classificados em subposições anteriores"
"11.03","1.1802.50.00","Serviços de guarda e escolta armada"
"11.04","1.0601.10.00","Serviços de manuseio de contêineres"
"11.04","1.0601.90.00","Serviços de manuseio de cargas não classificados em subposições anteriores"
"11.04","1.0602.10.00","Serviços de armazenagem frigorificada"
"11.04","1.0602.21.00","Serviços de armazenagem de petróleo e seus derivados"
"11.04","1.0602.22.00","Serviços de armazenagem de combustíveis, lubrificantes e GLP, inclusive apresentado em botijões metálicos"
"11.04","1.0602.23.00","Serviços de armazenagem de produtos químicos perigosos"
"11.04","1.0602.29.00","Serviços de armazenagem de produtos perigosos não classificados em subposições anteriores"
"11.04","1.0602.31.00","Serviços de armazenagem de granéis sólidos"
"11.04","1.0602.32.00","Serviços de armazenagem de granéis líquidos ou liquefeitos"
"11.04","1.0602.33.00","Serviços de armazenagem de granéis gasosos"
"11.04","1.0602.90.00","Serviços de armazenagem não classificados em subposições anteriores"
"11.04","1.0608.20.00","Serviços de unitização ou desunitização de cargas no transporte multimodal"
"11.04","1.0608.30.00","Serviços de movimentação de cargas no transporte multimodal"
"11.05","1.1802.30.00","Serviços de sistemas de segurança"
"12.01","1.2502.20.00","Serviços de produção e apresentação de atuações artísticas ao vivo"
"12.02","1.2501.50.00","Serviços de projeção de filmes"
"12.03","1.2502.20.00","Serviços de produção e apresentação de atuações artísticas ao vivo"
"12.04","1.2502.90.00","Serviços de apresentação e promoção de atuações artísticas e outros serviços de entretenimento ao vivo não classificados em subposições anteriores"
"12.05","1.2504.21.00","Serviços de jardins botânico e zoológico"
"12.05","1.2504.22.00","Serviços de reserva natural, incluindo preservação de vida selvagem"
"12.05","1.2507.10.00","Serviços de parques temáticos de diversão"
"12.05","1.2507.90.00","Serviços de parques de diversão e atrações similares não classificados em subposições anteriores"
"12.06","1.2508.00.00","Serviços recreativos, culturais e desportivos não classificados em posições anteriores"
"12.07","1.2502.20.00","Serviços de produção e apresentação de atuações artísticas ao vivo"
"12.07","1.2502.90.00","Serviços de apresentação e promoção de atuações artísticas e outros serviços de entretenimento ao vivo não classificados em subposições anteriores"
"12.08","1.1806.61.00","Serviços de assistência e organização de convenções"
"12.08","1.1806.62.00","Serviços de assistência e organização de feiras de negócios"
"12.08","1.1806.63.00","Serviços de assistência e organização de exposições e outros eventos"
"12.09","1.2505.90.00","Serviços desportivos e recreacionais desportivos não classificados em subposições anteriores"
"12.09","1.2508.00.00","Serviços recreativos, culturais e desportivos não classificados em posições anteriores"
"12.10","1.2508.00.00","Serviços recreativos, culturais e desportivos não classificados em posições anteriores"
"12.10","1.2505.10.00","Serviços de organização e promoção de eventos desportivos e recreacionais desportivos"
"12.11","1.2505.20.00","Serviços de clubes desportivos"
"12.11","1.2505.90.00","Serviços desportivos e recreacionais desportivos não classificados em subposições anteriores"
"12.11","1.2505.10.00","Serviços de organização e promoção de eventos desportivos e recreacionais desportivos"
"12.12","1.2503.10.00","Serviços de atuação artística"
"12.13","1.2501.21.00","Serviços de produção de programas de televisão, videoteipes e filmes"
"12.13","1.2501.22.00","Serviços de produção de programas de rádio"
"12.13","1.2502.10.00","Serviços de organização e promoção de atuações artísticas ao vivo"
"12.13","1.2502.20.00","Serviços de produção e apresentação de atuações artísticas ao vivo"
"12.13","1.2502.30.00","Serviços de apoio para atuações artísticas ao vivo"
"12.13","1.2505.10.00","Serviços de organização e promoção de eventos desportivos e recreacionais desportivos"
"12.14","1.2502.90.00","Serviços de apresentação e promoção de atuações artísticas e outros serviços de entretenimento ao vivo não classificados em subposições anteriores"
"12.15","1.2502.90.00","Serviços de apresentação e promoção de atuações artísticas e outros serviços de entretenimento ao vivo não classificados em subposições anteriores"
"12.15","1.2502.20.00","Serviços de produção e apresentação de atuações artísticas ao vivo"
"12.16","1.2501.50.00","Serviços de projeção de filmes"
"12.16","1.2502.90.00","Serviços de apresentação e promoção de atuações artísticas e outros serviços de entretenimento ao vivo não classificados em subposições anteriores"
"12.16","1.2505.10.00","Serviços de organização e promoção de eventos desportivos e recreacionais desportivos"
"12.17","1.2508.00.00","Serviços recreativos, culturais e desportivos não classificados em posições anteriores"
"13.02","1.2501.11.00","Serviços de gravação de som em estúdio"
"13.02","1.2501.12.00","Serviços de gravação de som ao vivo"
"13.02","1.2501.36.00","Serviços de legendas, títulos e dublagem em obras audiovisuais"
"13.02","1.2501.37.00","Serviços de projeto e edição de som em obras audiovisuais"
"13.02","1.2501.39.00","Serviços de pós-produção de obras audiovisuais não classificados em subposições anteriores"
"13.03","1.1408.11.00","Serviços fotográficos de retratos"
"13.03","1.1408.12.00","Serviços fotográficos e videográficos para propaganda"
"13.03","1.1408.13.00","Serviços fotográficos e videográficos de eventos"
"13.03","1.1408.14.00","Serviços fotográficos especiais"
"13.03","1.1408.15.00","Serviços de restauração e retoque de fotografias"
"13.03","1.1408.19.00","Serviços fotográficos e videográficos não classificados em subposições anteriores"
"13.03","1.1408.20.00","Serviços de processamento de fotografias"
"13.03","1.2101.23.00","Serviços de reprodução de mídia gravada"
"13.03","1.2501.31.00","Serviços de edição de obras audiovisuais"
"13.03","1.2501.32.00","Serviços de duplicação e transferência de obras audiovisuais"
"13.03","1.2501.33.00","Serviços de correção de cor e restauração digital de obras audiovisuais"
"13.03","1.2501.34.00","Serviços de efeitos visuais em obras audiovisuais"
"13.03","1.2501.35.00","Serviços de animação"
"13.03","1.2501.36.00","Serviços de legendas, títulos e dublagem em obras audiovisuais"
"13.03","1.2501.39.00","Serviços de pós-produção de obras audiovisuais não classificados em subposições anteriores"
"13.03","1.2501.90.00","Serviços de produção audiovisual, de apoio e relacionados não classificados em subposições anteriores"
"13.04","1.1806.51.00","Serviços de fotocópias e outros serviços de reprodução de documentos"
"13.05","1.2101.10.00","Serviços de editoração"
"13.05","1.2101.21.00","Serviços de impressão"
"13.05","1.2101.22.00","Serviços relacionados à impressão"
"14.01","1.2001.10.00","Serviços de manutenção e reparação de produtos metálicos, exceto maquinários e equipamentos"
"14.01","1.2001.20.00","Serviços de manutenção e reparação de computadores e seus periféricos e de maquinário para escritório"
"14.01","1.2001.31.10","Serviços de manutenção e reparação de veículos rodoviários motorizados"
"14.01","1.2001.31.20","Serviços de manutenção e reparação de veículos rodoviários não motorizados"
"14.01","1.2001.32.00","Serviços de manutenção e reparação de veículos sobre trilhos"
"14.01","1.2001.33.00","Serviços de manutenção e reparação de veículos aquaviários"
"14.01","1.2001.34.10","Serviços de manutenção e reparação de aeronaves, exceto de motores, turborreatores e turbopropulsores aeronáuticos"
"14.01","1.2001.34.20","Serviços de manutenção e reparação de motores, turborreatores e turbopropulsores aeronáuticos"
"14.01","1.2001.34.30","Serviços de manutenção e reparação de foguetes e equipamentos aeroespaciais"
"14.01","1.2001.35.00","Serviços de manutenção e reparação de veículos militares"
"14.01","1.2001.39.00","Serviços de manutenção e reparação de maquinários e equipamentos de transporte não classificados em subposições anteriores"
"14.01","1.2001.40.00","Serviços de manutenção e reparação de plataformas, inclusive navios-plataforma, para extração de petróleo e gás"
"14.01","1.2001.50.00","Serviços de manutenção e reparação de maquinários e equipamentos de uso industrial"
"14.01","1.2001.60.00","Serviços de manutenção e reparação de maquinários e equipamentos de uso comercial"
"14.01","1.2001.70.00","Serviços de manutenção e reparação de equipamentos e aparelhos de telecomunicações"
"14.01","1.2001.81.00","Serviços de manutenção e reparação de aparelhos eletroeletrônicos domésticos"
"14.01","1.2001.82.00","Serviços de manutenção e reparação de instrumentos e equipamentos médico-hospitalares, odontológicos, óticos e de precisão"
"14.01","1.2001.83.00","Serviços de manutenção e reparação de equipamentos militares"
"14.01","1.2001.89.00","Serviços de manutenção e reparação de outros maquinários e equipamentos não classificados em subposições anteriores"
"14.01","1.2002.10.00","Serviços de manutenção e reparação de produtos de couro, calçados, malas e bolsas"
"14.01","1.2002.20.00","Serviços de manutenção e reparação de relógios e joias"
"14.01","1.2002.30.00","Serviços de manutenção e reparação de móveis"
"14.01","1.2002.40.00","Serviços de manutenção de roupas e outros produtos têxteis"
"14.01","1.2002.90.00","Serviços de manutenção e reparação de outros bens de consumo não classificados em subposições anteriores"
"14.01","1.1803.29.00","Serviços especializados de limpeza não classificados em subposições anteriores"
"14.02","1.2001.10.00","Serviços de manutenção e reparação de produtos metálicos, exceto maquinários e equipamentos"
"14.02","1.2001.20.00","Serviços de manutenção e reparação de computadores e seus periféricos e de maquinário para escritório"
"14.02","1.2001.31.10","Serviços de manutenção e reparação de veículos rodoviários motorizados"
"14.02","1.2001.31.20","Serviços de manutenção e reparação de veículos rodoviários não motorizados"
"14.02","1.2001.32.00","Serviços de manutenção e reparação de veículos sobre trilhos"
"14.02","1.2001.33.00","Serviços de manutenção e reparação de veículos aquaviários"
"14.02","1.2001.34.10","Serviços de manutenção e reparação de aeronaves, exceto de motores, turborreatores e turbopropulsores aeronáuticos"
"14.02","1.2001.34.20","Serviços de manutenção e reparação de motores, turborreatores e turbopropulsores aeronáuticos"
"14.02","1.2001.34.30","Serviços de manutenção e reparação de foguetes e equipamentos aeroespaciais"
"14.02","1.2001.35.00","Serviços de manutenção e reparação de veículos militares"
"14.02","1.2001.39.00","Serviços de manutenção e reparação de maquinários e equipamentos de transporte não classificados em subposições anteriores"
"14.02","1.2001.40.00","Serviços de manutenção e reparação de plataformas, inclusive navios-plataforma, para extração de petróleo e gás"
"14.02","1.2001.50.00","Serviços de manutenção e reparação de maquinários e equipamentos de uso industrial"
"14.02","1.2001.60.00","Serviços de manutenção e reparação de maquinários e equipamentos de uso comercial"
"14.02","1.2001.70.00","Serviços de manutenção e reparação de equipamentos e aparelhos de telecomunicações"
"14.02","1.2001.81.00","Serviços de manutenção e reparação de aparelhos eletroeletrônicos domésticos"
"14.02","1.2001.82.00","Serviços de manutenção e reparação de instrumentos e equipamentos médico-hospitalares, odontológicos, óticos e de precisão"
"14.02","1.2001.83.00","Serviços de manutenção e reparação de equipamentos militares"
"14.02","1.2001.89.00","Serviços de manutenção e reparação de outros maquinários e equipamentos não classificados em subposições anteriores"
"14.02","1.2002.10.00","Serviços de manutenção e reparação de produtos de couro, calçados, malas e bolsas"
"14.02","1.2002.20.00","Serviços de manutenção e reparação de relógios e joias"
"14.02","1.2002.30.00","Serviços de manutenção e reparação de móveis"
"14.02","1.2002.40.00","Serviços de manutenção de roupas e outros produtos têxteis"
"14.02","1.2002.90.00","Serviços de manutenção e reparação de outros bens de consumo não classificados em subposições anteriores"
"14.03","1.2001.31.10","Serviços de manutenção e reparação de veículos rodoviários motorizados"
"14.04","1.2002.90.00","Serviços de manutenção e reparação de outros bens de consumo não classificados em subposições anteriores"
"14.05","1.1804.00.00","Serviços de acondicionamento e empacotamento"
"14.05","1.2002.90.00","Serviços de manutenção e reparação de outros bens de consumo não classificados em subposições anteriores"
"14.06","1.0106.12.00","Serviços de instalação de alarmes contra incêndio"
"14.06","1.0106.13.00","Serviços de instalação de sistemas de alarmes antifurto"
"14.06","1.0106.14.00","Serviços de instalação de antenas residenciais"
"14.06","1.0106.31.00","Serviços de instalação de equipamentos de aquecimento"
"14.06","1.0106.32.00","Serviços de instalação de equipamentos de ventilação e de ar condicionado"
"14.06","1.0106.40.00","Serviços de instalação de gás"
"14.06","1.0106.90.00","Serviços de instalação não classificados em subposições anteriores"
"14.06","1.0107.60.00","Serviços de instalação de cercas e grades"
"14.06","1.2003.10.00","Serviços de instalação de produtos metálicos, exceto maquinário e equipamentos"
"14.06","1.2003.21.10","Serviços de montagem sob encomenda de turbinas industriais"
"14.06","1.2003.21.90","Serviços de instalação de maquinários, aparelhos e equipamentos industriais não classificados em itens anteriores"
"14.06","1.2003.22.00","Serviços de instalação de computadores e seus periféricos e maquinário de escritório"
"14.06","1.2003.23.00","Serviços de instalação de equipamentos e aparelhos de comunicação, incluindo de rádio e de televisão"
"14.06","1.2003.24.00","Serviços de instalação de maquinários, equipamentos, instrumentos e aparelhos médico-hospitalares, óticos e de precisão"
"14.06","1.2003.25.10","Serviços de instalação de sensores e sistemas de armas"
"14.06","1.2003.25.20","Serviços de instalação de maquinários, aparelhos e equipamentos de emprego militar"
"14.06","1.2003.26.10","Serviços de montagem sob encomenda de motores, turborreatores e turbopropulsores aeronáuticos"
"14.06","1.2003.26.90","Serviços de instalação de maquinários e equipamentos de transporte não classificados em itens anteriores"
"14.06","1.2003.29.00","Serviços de instalação de maquinários, aparelhos e equipamentos não classificados em subposições anteriores"
"14.06","1.0106.19.00","Serviços de instalação elétrica não classificados em subposições anteriores"
"14.06","1.0106.60.00","Serviços de instalação de elevadores, esteiras e escadas rolantes"
"14.07","1.2606.00.00","Serviços pessoais não classificados em posições anteriores"
"14.08","1.2101.22.00","Serviços relacionados à impressão"
"14.09","1.2604.00.00","Serviços de confecção de roupas e outros artigos têxteis"
"14.09","1.2002.40.00","Serviços de manutenção de roupas e outros produtos têxteis"
"14.10","1.2601.10.00","Serviços de limpeza de têxteis, exceto quando realizados a seco"
"14.10","1.2601.20.00","Serviços de limpeza a seco"
"14.10","1.2601.30.00","Serviços de tinturaria"
"14.10","1.2601.40.00","Serviços de passadoria de roupas e outros artigos têxteis"
"14.10","1.2601.90.00","Serviços de lavanderia não classificados em subposições anteriores"
"14.11","1.2002.40.00","Serviços de manutenção de roupas e outros produtos têxteis"
"14.12","1.2001.31.10","Serviços de manutenção e reparação de veículos rodoviários motorizados"
"14.13","1.0107.50.00","Serviços de carpintaria e de serralharia"
"14.14","1.0604.40.00","Serviços de reboque para veículos particulares e comerciais"
"14.14","1.0601.90.00","Serviços de manuseio de cargas não classificados em subposições anteriores"
"15.01","1.0901.40.00","Serviços de cartão de crédito"
"15.01","1.0905.21.00","Serviços de gestão e administração de carteiras de ativos, exceto fundos de pensão"
"15.01","1.0905.22.00","Serviços de administração fundos de investimento e fundos de pensão"
"15.01","1.0905.23.00","Serviços de gestão e administração de trust"
"15.01","1.0905.40.00","Serviços relacionados à administração de mercados financeiros"
"15.01","1.0906.40.00","Serviços de gestão de fundos de previdência complementar"
"15.02","1.0901.21.00","Serviços de depósito para pessoas jurídicas"
"15.02","1.0901.22.00","Serviços de depósito para pessoas físicas"
"15.02","1.0901.29.00","Serviços de depósito para outros depositantes"
"15.03","1.1101.90.00","Arrendamento mercantil operacional ou locação de máquinas e equipamentos, sem operador, não classificado em subposições anteriores"
"15.03","1.2001.89.00","Serviços de manutenção e reparação de outros maquinários e equipamentos não classificados em subposições anteriores"
"15.04","1.1301.30.00","Serviços de documentação e certificação, exceto os serviços notariais e de registro"
"15.04","1.1806.10.00","Serviços de informação cadastral e análise de crédito"
"15.05","1.1806.10.00","Serviços de informação cadastral e análise de crédito"
"15.06","1.1301.30.00","Serviços de documentação e certificação, exceto os serviços notariais e de registro"
"15.06","1.0702.00.00","Serviços de coleta, transporte, remessa ou entrega de documentos ou encomendas, exceto remessas expressas"
"15.07","1.0901.90.00","Serviços financeiros, exceto bancos de investimento, serviços de seguros e previdência complementar não classificados em subposições anteriores"
"15.07","1.1806.31.00","Serviços de call center"
"15.08","1.0901.33.00","Serviços de empréstimos e financiamentos pessoais"
"15.08","1.0901.34.00","Serviços de empréstimos e financiamentos comerciais"
"15.08","1.0901.35.00","Serviços de empréstimos e financiamentos industriais"
"15.08","1.0901.36.00","Serviços de empréstimos e financiamentos agropecuários"
"15.08","1.0901.39.00","Serviços de concessão de crédito não classificados em subposições anteriores"
"15.08","1.0905.50.00","Serviços de consultoria financeira"
"15.09","1.0901.51.11","Arrendamento mercantil financeiro de veículos rodoviários automotores para o transporte de passageiros"
"15.09","1.0901.51.12","Arrendamento mercantil financeiro de veículos rodoviários automotores para o transporte de mercadorias"
"15.09","1.0901.51.13","Arrendamento mercantil financeiro de veículos e equipamentos ferroviários"
"15.09","1.0901.51.14","Arrendamento mercantil financeiro de outros equipamentos de transporte terrestre, inclusive de veículos de uso misto"
"15.09","1.0901.51.15","Arrendamento mercantil financeiro de navios e outras embarcações"
"15.09","1.0901.51.16","Arrendamento mercantil financeiro de aeronaves"
"15.09","1.0901.51.17","Arrendamento mercantil financeiro de contêineres"
"15.09","1.0901.51.21","Arrendamento mercantil financeiro de máquinas e equipamentos agrícolas"
"15.09","1.0901.51.22","Arrendamento mercantil financeiro de máquinas e equipamentos de construção"
"15.09","1.0901.51.23","Arrendamento mercantil financeiro de máquinas e equipamentos para escritórios, exceto computadores"
"15.09","1.0901.51.24","Arrendamento mercantil financeiro de computadores"
"15.09","1.0901.51.25","Arrendamento mercantil financeiro de equipamentos de telecomunicação"
"15.09","1.0901.51.29","Arrendamento mercantil financeiro de outras máquinas e equipamentos não classificado em subposições anteriores"
"15.09","1.0901.52.10","Arrendamento mercantil financeiro de televisões e outros eletroeletrônicos domésticos, bem como seus acessórios"
"15.09","1.0901.52.20","Arrendamento mercantil financeiro de mídias gravadas"
"15.09","1.0901.52.30","Arrendamento mercantil financeiro de móveis e eletrodomésticos"
"15.09","1.0901.52.40","Arrendamento mercantil financeiro de equipamentos para diversão e lazer"
"15.09","1.0901.52.50","Arrendamento mercantil financeiro de artigos de cama, mesa e banho"
"15.09","1.0901.52.90","Arrendamento mercantil financeiro de outras mercadorias não classificado em subposições anteriores"
"15.09","1.1101.11.00","Arrendamento mercantil operacional ou locação de veículos rodoviários automotores para o transporte de até oito passageiros, sem operador"
"15.09","1.1101.12.00","Arrendamento mercantil operacional ou locação de veículos rodoviários automotores para o transporte de cargas, sem operador"
"15.09","1.1101.13.00","Arrendamento mercantil operacional ou locação de veículos e equipamentos de transporte ferroviário, sem operador"
"15.09","1.1101.14.00","Arrendamento mercantil operacional ou locação de outros equipamentos de transporte terrestre, inclusive de veículos de uso misto, sem operador"
"15.09","1.1101.15.00","Arrendamento mercantil operacional ou locação de navios e outras embarcações, sem tripulação"
"15.09","1.1101.16.00","Arrendamento mercantil operacional ou locação de aeronaves, sem tripulação"
"15.09","1.1101.17.00","Arrendamento mercantil operacional ou locação de contêineres"
"15.09","1.1101.20.00","Arrendamento mercantil operacional ou locação de máquinas e equipamentos agrícolas, sem operador"
"15.09","1.1101.30.00","Arrendamento mercantil operacional ou locação de máquinas e equipamentos de construção, sem operador"
"15.09","1.1101.40.00","Arrendamento mercantil operacional ou locação de máquinas e equipamentos para escritórios, exceto computadores, sem operador"
"15.09","1.1101.50.00","Arrendamento mercantil operacional ou locação de computadores, sem operador"
"15.09","1.1101.60.00","Arrendamento mercantil operacional ou locação de equipamentos de telecomunicação, sem operador"
"15.09","1.1101.90.00","Arrendamento mercantil operacional ou locação de máquinas e equipamentos, sem operador, não classificado em subposições anteriores"
"15.09","1.1102.10.00","Arrendamento mercantil operacional ou locação de televisão e outros eletroeletrônicos, bem como seus acessórios"
"15.09","1.1102.20.00","Arrendamento mercantil operacional ou locação de mídias gravadas"
"15.09","1.1102.30.00","Arrendamento mercantil operacional ou locação de móveis e eletrodomésticos"
"15.09","1.1102.40.00","Arrendamento mercantil operacional ou locação de equipamentos para diversão e lazer"
"15.09","1.1102.50.00","Arrendamento mercantil operacional ou locação de artigos de cama, mesa e banho"
"15.09","1.1102.60.00","Arrendamento mercantil operacional ou locação de roupas e calçados"
"15.09","1.1102.90.00","Arrendamento mercantil operacional ou locação de outras mercadorias não classificado em subposições anteriores"
"15.10","1.1806.20.00","Serviços de cobrança"
"15.10","1.0901.90.00","Serviços financeiros, exceto bancos de investimento, serviços de seguros e previdência complementar não classificados em subposições anteriores"
"15.11","1.0901.90.00","Serviços financeiros, exceto bancos de investimento, serviços de seguros e previdência complementar não classificados em subposições anteriores"
"15.12","1.0905.30.00","Serviços de guarda e custódia"
"15.13","1.0905.60.00","Serviços de câmbio"
"15.14","1.0901.40.00","Serviços de cartão de crédito"
"15.14","1.0901.90.00","Serviços financeiros, exceto bancos de investimento, serviços de seguros e previdência complementar não classificados em subposições anteriores"
"15.15","1.0901.21.00","Serviços de depósito para pessoas jurídicas"
"15.15","1.0901.22.00","Serviços de depósito para pessoas físicas"
"15.15","1.0901.29.00","Serviços de depósito para outros depositantes"
"15.15","1.0905.13.00","Serviços de compensação de transações financeiras, inclusive com ativos financeiros (clearinghouse)"
"15.16","1.0901.90.00","Serviços financeiros, exceto bancos de investimento, serviços de seguros e previdência complementar não classificados em subposições anteriores"
"15.17","1.0901.90.00","Serviços financeiros, exceto bancos de investimento, serviços de seguros e previdência complementar não classificados em subposições anteriores"
"15.18","1.0901.31.00","Serviços de financiamentos imobiliários residenciais"
"15.18","1.0901.32.00","Serviços de financiamentos imobiliários não residenciais"
"15.18","1.1001.30.00","Serviços de avaliação de imóveis"
"16.01","1.0401.11.19","Serviços de transporte rodoviário local regular de passageiros, exceto em áreas metropolitanas não classificados em subitens anteriores"
"16.01","1.0401.16.10","Serviços de transporte ferroviário local de passageiros"
"16.01","1.0401.16.20","Serviços de transporte metroviário (metrô) local de passageiros"
"16.01","1.0401.16.90","Serviços de transporte local de passageiros por veículos sobre trilhos não classificados em itens anteriores"
"16.01","1.0401.21.10","Serviços de transporte aquaviário local de passageiros, por navegação interior, em embarcações para travessia"
"16.01","1.0401.21.90","Serviços de transporte aquaviário local de passageiros, por navegação interior não classificados em itens anteriores"
"16.01","1.0401.30.00","Serviços de transporte integrado local de passageiros"
"16.02","1.0401.21.90","Serviços de transporte aquaviário local de passageiros, por navegação interior não classificados em itens anteriores"
"16.02","1.0401.11.11","Serviços de transporte rodoviário local prestados exclusivamente por meio de ônibus"
"16.02","1.0401.12.10","Serviços de transporte escolar"
"16.02","1.0401.12.20","Serviços de transporte para aeroportos (shuttle)"
"16.02","1.0401.12.90","Serviços especiais de transporte rodoviário local regular de passageiros não classificados em itens anteriores"
"16.02","1.0401.13.00","Serviços de táxi"
"16.02","1.0401.14.00","Serviços de carro com motorista, exceto táxi"
"16.02","1.0401.15.10","Serviços de fretamento contínuo, local"
"16.02","1.0401.15.20","Serviços de fretamento eventual ou turístico, local"
"16.02","1.0401.19.00","Serviços de transporte terrestre local de passageiros não classificados em subposições anteriores"
"16.02","1.0401.21.20","Serviços de transporte aquaviário local de passageiros, por navegação interior, em embarcações para cruzeiros"
"16.02","1.0401.22.00","Serviços de transporte aquaviário local de passageiros por fretamento"
"16.02","1.0401.29.00","Serviços de transporte aquaviário local de passageiros não classificados em subposições anteriores"
"16.02","1.0401.41.00","Serviços de táxi aéreo local"
"16.02","1.0401.42.00","Serviços de transporte aéreo local de passageiros por fretamento"
"16.02","1.0401.49.00","Serviços de transporte aéreo local de passageiros não classificados em subposições anteriores"
"16.02","1.0401.90.00","Serviços de transporte local de passageiros não classificados não classificados em subposições anteriores"
"16.02","1.0404.10.00","Locação de veículos rodoviários de passageiros com motorista"
"16.02","1.0404.20.00","Locação de embarcações de passageiros com tripulação"
"16.02","1.0404.30.00","Locação de aeronaves de passageiros com tripulação"
"16.02","1.0405.00.00","Afretamento de embarcações de passageiros por tempo"
"16.02","1.0501.11.10","Serviços de transporte rodoviário de cargas sólidas a granel"
"16.02","1.0501.11.20","Serviços de transporte rodoviário de cargas líquidas, ou liquefeitas, a granel"
"16.02","1.0501.11.30","Serviços de transporte rodoviário de cargas gasosas a granel"
"16.02","1.0501.12.10","Serviços de transporte rodoviário de carga solta, não unitizada"
"16.02","1.0501.12.20","Serviços de transporte rodoviário de carga unitizada"
"16.02","1.0501.12.30","Serviços de transporte rodoviário de carga frigorificada ou climatizada"
"16.02","1.0501.13.10","Serviços de transporte rodoviário de cargas em contêineres frigorificados ou climatizados"
"16.02","1.0501.13.20","Serviços de transporte rodoviário de cargas em contêineres não frigorificados ou climatizados"
"16.02","1.0501.14.10","Serviços de transporte rodoviário de cargas vivas"
"16.02","1.0501.14.20","Serviços de transporte rodoviário de mudanças domésticas e de mobília e outros objetos de escritório"
"16.02","1.0501.14.30","Serviços de transporte rodoviário de cargas de grande porte"
"16.02","1.0501.14.40","Serviços de transporte rodoviário de veículos"
"16.02","1.0501.14.51","Serviços de transporte rodoviário de combustíveis, lubrificantes e GLP, inclusive apresentados em botijões metálicos"
"16.02","1.0501.14.52","Serviços de transporte rodoviário de produtos químicos perigosos, exceto lubrificantes e GLP"
"16.02","1.0501.14.59","Serviços de transporte rodoviário de produtos perigosos não classificados em subitens anteriores"
"16.02","1.0501.15.00","Serviços de transporte rodoviário de cargas postais e malotes"
"16.02","1.0501.19.00","Serviços de transporte rodoviário de cargas não classificados em subposições anteriores"
"16.02","1.0502.11.10","Serviços de transporte aquaviário por navegação interior de cargas sólidas, a granel"
"16.02","1.0502.11.20","Serviços de transporte aquaviário por navegação interior de cargas líquidas, ou liquefeitas, a granel"
"16.02","1.0502.11.30","Serviços de transporte aquaviário por navegação interior de cargas gasosas a granel"
"16.02","1.0502.12.10","Serviços de transporte aquaviário por navegação interior de carga solta, não unitizada"
"16.02","1.0502.12.20","Serviços de transporte aquaviário por navegação interior de carga unitizada"
"16.02","1.0502.12.30","Serviços de transporte aquaviário por navegação interior de carga frigorificada ou climatizada"
"16.02","1.0502.13.10","Serviços de transporte aquaviário por navegação interior de cargas em contêineres frigorificados ou climatizados"
"16.02","1.0502.13.20","Serviços de transporte aquaviário por navegação interior de cargas em contêineres não frigorificados ou climatizados"
"16.02","1.0502.14.10","Serviços de transporte aquaviário por navegação interior de cargas vivas"
"16.02","1.0502.14.20","Serviços de transporte aquaviário por navegação interior de mudanças domésticas e de mobília e outros objetos de escritório"
"16.02","1.0502.14.30","Serviços de transporte aquaviário por navegação interior de cargas de grande porte"
"16.02","1.0502.14.40","Serviços de transporte aquaviário por navegação interior de veículos"
"16.02","1.0502.14.51","Serviços de transporte aquaviário por navegação interior de combustíveis, lubrificantes e GLP, inclusive apresentado em botijões metálicos"
"16.02","1.0502.14.52","Serviços de transporte aquaviário por navegação interior de produtos químicos perigosos, exceto lubrificantes e GLP"
"16.02","1.0502.14.59","Serviços de transporte aquaviário por navegação interior de produtos perigosos não classificados em subposições anteriores"
"16.02","1.0502.14.90","Serviços de transporte aquaviário por navegação interior de cargas especiais não classificados em subposições anteriores"
"16.02","1.0502.19.00","Serviços de transporte aquaviário por navegação interior de cargas não classificados em subposições anteriores"
"16.02","1.0502.21.10","Serviços de transporte aquaviário costeiro de cargas sólidas a granel"
"16.02","1.0502.21.20","Serviços de transporte aquaviário costeiro de cargas líquidas ou liquefeitas, a granel"
"16.02","1.0502.21.30","Serviços de transporte aquaviário costeiro de cargas gasosas a granel"
"16.02","1.0502.22.10","Serviços de transporte aquaviário costeiro de carga solta, não unitizada"
"16.02","1.0502.22.20","Serviços de transporte aquaviário costeiro de carga unitizada"
"16.02","1.0502.22.30","Serviços de transporte aquaviário costeiro de carga frigorificada ou climatizada"
"16.02","1.0502.23.10","Serviços de transporte aquaviário costeiro de cargas em contêineres frigorificados ou climatizados"
"16.02","1.0502.23.20","Serviços de transporte aquaviário costeiro de cargas em contêineres não classificados em subposições anteriores"
"16.02","1.0502.24.10","Serviços de transporte aquaviário costeiro de cargas vivas"
"16.02","1.0502.24.20","Serviços de transporte aquaviário costeiro de mudanças domésticas e de mobília e outros objetos de escritório"
"16.02","1.0502.24.30","Serviços de transporte aquaviário costeiro de cargas de grande porte"
"16.02","1.0502.24.40","Serviços de transporte aquaviário costeiro de veículos"
"16.02","1.0502.24.51","Serviços de transporte aquaviário costeiro de combustíveis, lubrificantes e GLP, inclusive apresentado em botijões metálicos"
"16.02","1.0502.24.52","Serviços de transporte aquaviário costeiro de produtos químicos perigosos, exceto lubrificantes e GLP"
"16.02","1.0502.24.59","Serviços de transporte aquaviário costeiro de produtos perigosos não classificados em subposições anteriores"
"16.02","1.0502.29.00","Serviços de transportes aquaviário costeiro de cargas não classificados em subposições anteriores"
"16.02","1.0505.10.00","Locação de veículos rodoviários de carga com operador"
"16.02","1.0505.20.00","Locação de embarcações de carga com tripulação"
"16.02","1.0505.30.00","Locação de aeronaves de carga com tripulação"
"17.01","1.0608.40.00","Serviços de consolidação ou desconsolidação documental de cargas no transporte multimodal"
"17.01","1.1001.40.00","Serviços de consultoria imobiliária"
"17.01","1.1001.50.00","Serviços de assessoria de gestão condominial"
"17.01","1.1001.90.00","Serviços imobiliários não classificados em subposições anteriores"
"17.01","1.1301.30.00","Serviços de documentação e certificação, exceto os serviços notariais e de registro"
"17.01","1.1303.10.00","Serviços de consultoria tributária para pessoas jurídicas"
"17.01","1.1303.20.00","Serviços de consultoria tributária para pessoas físicas"
"17.01","1.1401.11.00","Serviços de consultoria em gestão estratégica"
"17.01","1.1401.13.00","Serviços de consultoria em gestão de recursos humanos"
"17.01","1.1401.14.00","Serviços de consultoria em gestão de marketing"
"17.01","1.1401.15.00","Serviços de consultoria em gestão operacional"
"17.01","1.1401.16.00","Serviços de consultoria em gestão energética"
"17.01","1.1401.17.00","Serviços de consultoria em gestão de cadeia logística"
"17.01","1.1401.18.00","Serviços de consultoria em gestão hospitalar"
"17.01","1.1401.19.00","Serviços de consultoria em gestão empresarial não classificados em subposições anteriores"
"17.01","1.1401.39.00","Serviços de assessoria empresarial não classificados em subposições anteriores"
"17.01","1.1410.10.00","Serviços de consultoria ambiental"
"17.01","1.1410.90.00","Serviços de consultoria técnica e científica não classificados em subposições anteriores"
"17.01","1.1412.00.00","Serviços para registros de marcas comerciais e de franquias empresariais, exceto as licenças de uso de direito"
"17.01","1.1413.00.00","Serviços de prospecção de clientes"
"17.01","1.1414.00.00","Serviços de prospecção de fornecedores"
"17.01","1.1407.00.00","Pesquisas de mercado e serviços de pesquisa de opinião pública"
"17.01","1.1806.10.00","Serviços de informação cadastral e análise de crédito"
"17.02","1.1411.00.00","Serviços de tradução e de intérpretes"
"17.02","1.1806.31.00","Serviços de call center"
"17.02","1.1806.39.00","Serviços de apoio às atividades empresariais por meio de telefone não classificados em subposições anteriores"
"17.02","1.1806.40.00","Serviços combinados de escritório e apoio administrativo"
"17.02","1.1806.52.00","Serviços de execução e envio de mala direta e de elaboração de listas de endereços"
"17.02","1.1806.53.00","Serviços de preparação de documentos"
"17.02","1.1806.59.00","Serviços especializados de apoio a escritório não classificados em subposições anteriores"
"17.03","1.1401.29.00","Serviços de gestão não classificados em subposições anteriores"
"17.03","1.1401.39.00","Serviços de assessoria empresarial não classificados em subposições anteriores"
"17.04","1.1801.11.00","Serviço de recrutamento e seleção de profissionais executivos"
"17.04","1.1801.12.00","Serviço de recrutamento e seleção de profissionais, exceto executivos"
"17.05","1.1801.21.00","Serviços de fornecimento de mão de obra terceirizada, exceto temporária"
"17.05","1.1801.22.00","Serviços de fornecimento de mão de obra temporária"
"17.05","1.1801.29.00","Serviços de fornecimento de mão de obra não classificados em subposições anteriores"
"17.06","1.1406.11.00","Serviços de campanhas publicitárias"
"17.06","1.1406.12.00","Serviços de marketing direto e mala direta"
"17.06","1.1406.19.00","Serviços de propaganda não classificados em subposições anteriores"
"17.06","1.1407.00.00","Pesquisas de mercado e serviços de pesquisa de opinião pública"
"17.08","1.1110.00.00","Franquia"
"17.09","1.1404.41.00","Serviços de análise laboratorial de solos, sementes e outros materiais propagativos, fitossanitários,água de produção, bromatologia e sanidade animal"
"17.09","1.1404.42.00","Serviços de análise e de exames técnicos de propriedades físicas"
"17.09","1.1404.43.00","Serviços de análise e de exames técnicos de sistemas elétricos e mecânicos"
"17.09","1.1404.44.00","Serviços de inspeção técnica de veículos de transporte rodoviário"
"17.09","1.1404.49.00","Serviços de análise e de exames técnicos não classificados em subposições anteriores"
"17.10","1.1806.61.00","Serviços de assistência e organização de convenções"
"17.10","1.1806.62.00","Serviços de assistência e organização de feiras de negócios"
"17.10","1.1806.63.00","Serviços de assistência e organização de exposições e outros eventos"
"17.11","1.1806.63.00","Serviços de assistência e organização de exposições e outros eventos"
"17.11","1.0301.10.00","Fornecimento de refeições acompanhado de serviços de restaurante"
"17.11","1.0301.31.00","Fornecimento de alimentação para eventos"
"17.11","1.0301.39.00","Fornecimento de alimentação, incluindo refeições, sob contrato não classificado em subposições anteriores"
"17.12","1.1001.11.00","Serviços de administração e locação de imóveis residenciais"
"17.12","1.1001.12.90","Serviços de administração e locação de outros imóveis não residenciais"
"17.12","1.1401.21.00","Serviços de gestão em processos de negócios"
"17.12","1.1401.22.00","Serviços de gestão hospitalar"
"17.13","1.1806.90.00","Serviços de apoio não classificados em subposições anteriores"
"17.14","1.1301.10.00","Serviços de representação e consultoria jurídica criminal"
"17.14","1.1301.20.00","Serviços de representação e consultoria jurídica em outras áreas do direito, exceto consultoria tributária"
"17.14","1.1301.90.00","Serviços jurídicos não classificados em subposições anteriores"
"17.15","1.1301.40.00","Serviços de arbitragem, conciliação e mediação"
"17.16","1.1302.11.00","Serviços de auditoria contábil"
"17.16","1.1302.19.00","Serviços de auditoria não classificados em subposições anteriores"
"17.17","1.1806.90.00","Serviços de apoio não classificados em subposições anteriores"
"17.18","1.0906.30.00","Serviços atuariais"
"17.19","1.1302.21.00","Serviços de contabilidade"
"17.19","1.1302.22.00","Serviços de escrituração mercantil"
"17.19","1.1302.23.00","Serviços de folha de pagamento"
"17.20","1.0905.50.00","Serviços de consultoria financeira"
"17.20","1.0905.70.00","Serviços de classificação de risco (rating)"
"17.20","1.0905.80.00","Serviços fiduciários"
"17.20","1.1401.12.00","Serviços de consultoria em gestão financeira"
"17.21","1.1415.00.00","Serviços profissionais, técnicos e gerenciais não classificados em posições anteriores"
"17.22","1.1806.20.00","Serviços de cobrança"
"17.23","1.0908.00.00","Fomento comercial (factoring)"
"17.24","1.2205.14.00","Serviços de palestras e conferências"
"17.25","1.1406.33.00","Venda de espaço para propaganda na rede mundial de computadores, exceto sob comissão"
"17.25","1.1406.34.00","Venda de espaço para propaganda em mídia exterior, exceto sob comissão"
"17.25","1.1406.39.00","Venda de espaço ou tempo para propaganda, exceto sob comissão não classificados em subposições anteriores"
"18.01","1.0906.20.00","Serviços de perícia e avaliação de seguros e resseguros"
"19.01","1.0905.11.00","Serviços de corretagem de títulos"
"20.01","1.0401.21.20","Serviços de transporte aquaviário local de passageiros, por navegação interior, em embarcações para cruzeiros"
"20.01","1.0601.10.00","Serviços de manuseio de contêineres"
"20.01","1.0601.90.00","Serviços de manuseio de cargas não classificados em subposições anteriores"
"20.01","1.0605.10.00","Serviços de operação de portos e canais, exceto manuseio de cargas"
"20.01","1.0605.20.00","Serviços de praticagem e de atracação"
"20.01","1.0605.30.00","Serviços de salvamento de embarcações"
"20.01","1.0605.40.00","Serviços de navegação de apoio"
"20.01","1.0605.90.00","Serviços de apoio ao transporte aquaviário não classificados em subposições anteriores"
"20.01","1.0602.10.00","Serviços de armazenagem frigorificada"
"20.01","1.0602.21.00","Serviços de armazenagem de petróleo e seus derivados"
"20.01","1.0602.22.00","Serviços de armazenagem de combustíveis, lubrificantes e GLP, inclusive apresentado em botijões metálicos"
"20.01","1.0602.23.00","Serviços de armazenagem de produtos químicos perigosos"
"20.01","1.0602.29.00","Serviços de armazenagem de produtos perigosos não classificados em subposições anteriores"
"20.01","1.0602.31.00","Serviços de armazenagem de granéis sólidos"
"20.01","1.0602.32.00","Serviços de armazenagem de granéis líquidos ou liquefeitos"
"20.01","1.0602.33.00","Serviços de armazenagem de granéis gasosos"
"20.01","1.0602.90.00","Serviços de armazenagem não classificados em subposições anteriores"
"20.02","1.0601.90.00","Serviços de manuseio de cargas não classificados em subposições anteriores"
"20.02","1.0602.90.00","Serviços de armazenagem não classificados em subposições anteriores"
"20.02","1.0606.11.00","Serviços de operação aeroportuária, exceto manuseio de cargas"
"20.02","1.0606.12.00","Serviços de controle de tráfego aéreo"
"20.02","1.0606.19.00","Serviços de apoio ao transporte aéreo não classificados em subposições anteriores"
"20.02","1.0606.20.00","Serviços de apoio ao transporte aeroespacial"
"20.03","1.0601.90.00","Serviços de manuseio de cargas não classificados em subposições anteriores"
"20.03","1.0603.00.00","Serviços de apoio ao transporte ferroviário"
"20.03","1.0604.10.00","Serviços de estações rodoviárias"
"20.03","1.0604.90.00","Serviços de apoio ao transporte rodoviário não classificados em subposições anteriores"
"21.01","1.1304.00.00","Serviços notariais e de registro"
"22.01","1.0604.21.00","Serviços de operação de rodovias"
"22.01","1.0604.22.00","Serviços de operação de pontes e túneis"
"23.01","1.1409.21.00","Serviços de desenho industrial de embalagens, expositores de loja e objetos promocionais para comunicação e vendas"
"23.01","1.1409.22.00","Serviços de desenho industrial de produtos, utensílios, equipamentos, vestuário, calçados, ornamentos, joias e objetos pessoais"
"23.01","1.1409.23.00","Serviços de desenho industrial de máquinas, equipamentos, acessórios e objetos de uso industrial de qualquer natureza"
"23.01","1.1409.24.00","Serviços de desenho industrial de mobiliários e itens de decoração"
"23.01","1.1409.25.00","Serviços de desenho industrial de utensílios e equipamentos eletrodomésticos e eletroeletrônicos"
"23.01","1.1409.29.00","Serviços de desenho industrial não classificados em subposições anteriores"
"23.01","1.1409.30.00","Serviços de design de marcas, imagens, objetos gráficos e digitais"
"23.01","1.1409.90.00","Serviços especializados de design não classificados em subposições anteriores"
"24.01","1.2606.00.00","Serviços pessoais não classificados em posições anteriores"
"25.01","1.1405.30.00","Serviços funerários, de cremação e de embalsamamento de animais"
"25.01","1.2603.00.00","Serviços funerários, de cremação e de embalsamamento"
"25.02","1.1405.30.00","Serviços funerários, de cremação e de embalsamamento de animais"
"25.02","1.2603.00.00","Serviços funerários, de cremação e de embalsamamento"
"25.03","1.2603.00.00","Serviços funerários, de cremação e de embalsamamento"
"25.04","1.2603.00.00","Serviços funerários, de cremação e de embalsamamento"
"25.05","1.2603.00.00","Serviços funerários, de cremação e de embalsamamento"
"26.01","1.0501.15.00","Serviços de transporte rodoviário de cargas postais e malotes"
"26.01","1.0608.10.00","Serviços de coleta e entrega de cargas no transporte multimodal"
"26.01","1.0701.00.00","Serviços postais e de telegrama"
"26.01","1.0702.00.00","Serviços de coleta, transporte, remessa ou entrega de documentos ou encomendas, exceto remessas expressas"
"26.01","1.0703.00.00","Serviços de remessas expressas"
"26.01","1.1802.40.00","Serviços de carro-forte"
"27.01","1.2304.11.00","Serviços de reabilitação vocacional para pessoas com deficiência"
"27.01","1.2304.12.00","Serviços de reabilitação vocacional para desempregados"
"27.01","1.2304.19.00","Serviço de reabilitação vocacional não classificados nas subposições anteriores"
"27.01","1.2304.20.00","Serviços de orientação e aconselhamento relacionados a crianças e adolescentes"
"27.01","1.2304.90.00","Serviços de assistência social sem acomodação não classificados em subposições anteriores"
"28.01","1.1404.14.00","Serviços de informações para avaliação e exploração de recursos naturais"
"28.01","1.1001.30.00","Serviços de avaliação de imóveis"
"28.01","1.0902.10.00","Serviços de valoração de ativos"
"29.01","1.1705.10.00","Serviços de biblioteca"
"29.01","1.1705.20.00","Serviços de arquivo"
"30.01","1.1415.00.00","Serviços profissionais, técnicos e gerenciais não classificados em posições anteriores"
"31.01","1.1415.00.00","Serviços profissionais, técnicos e gerenciais não classificados em posições anteriores"
"32.01","1.1409.90.00","Serviços especializados de design não classificados em subposições anteriores"
"33.01","1.0204.00.00","Serviços de despacho aduaneiro"
"33.01","1.2606.00.00","Serviços pessoais não classificados em posições anteriores"
"34.01","1.1802.10.00","Serviços de investigação"
"35.01","1.1401.31.00","Serviços de assessoria de imprensa"
"35.01","1.1401.32.00","Serviços de relações públicas"
"35.01","1.1704.10.00","Serviços de agências de notícias para jornais e periódicos"
"35.01","1.1704.20.00","Serviços de agências de notícias para mídia audiovisual"
"36.01","1.1404.30.00","Serviços meteorológicos e de previsão do tempo"
"37.01","1.1806.81.00","Serviços de agenciamento de modelos"
"37.01","1.1806.82.00","Serviços de agenciamento de artistas"
"37.01","1.1806.83.00","Serviços de agenciamento de atletas"
"37.01","1.2506.00.00","Serviços fornecidos por atletas e desportistas, por conta própria, e serviços de apoio relacionados com desportes e recreação desportiva"
"37.01","1.2503.10.00","Serviços de atuação artística"
"38.01","1.2504.11.00","Serviços de museus"
"38.01","1.2504.12.00","Serviços de preservação e operação de locais e construções históricas"
"39.01","1.2002.20.00","Serviços de manutenção e reparação de relógios e joias"
"40.01","1.1109.90.00","Cessão definitiva de outros direitos não classificada em subposições anteriores"
"40.01","1.2503.20.00","Serviços de autores, compositores, escultores, pintores e outros artistas, exceto os de atuação artística"
